zone,timestamp,carbon_intensity,total_production,production_mix
US-TEX-ERCO,2026-05-21T00:00:00-05:00,496.54720983067426,51581.630000000005,"{""coal"": 7276.09, ""gas"": 33742.54, ""nuclear"": 3853.14, ""solar"": 0.04, ""unknown"": 50.0, ""wind"": 6659.82}"
US-TEX-ERCO,2026-05-21T00:05:00-05:00,495.220040616833,51147.80999999999,"{""coal"": 7247.48, ""gas"": 33250.16, ""nuclear"": 3852.56, ""solar"": 0.06, ""unknown"": 50.2, ""wind"": 6747.35}"
US-TEX-ERCO,2026-05-21T00:10:00-05:00,493.7748163729509,51066.27,"{""coal"": 7234.99, ""gas"": 33052.17, ""nuclear"": 3852.11, ""solar"": 0.06, ""unknown"": 50.0, ""wind"": 6876.94}"
US-TEX-ERCO,2026-05-21T00:15:00-05:00,493.09011738834744,50756.75000000001,"{""coal"": 7212.22, ""gas"": 32735.43, ""nuclear"": 3851.11, ""solar"": 0.05, ""unknown"": 49.9, ""wind"": 6908.04}"
US-TEX-ERCO,2026-05-21T00:20:00-05:00,493.5339150584353,50673.06,"{""coal"": 7223.3, ""gas"": 32674.82, ""nuclear"": 3851.85, ""solar"": 0.06, ""unknown"": 50.2, ""wind"": 6872.83}"
US-TEX-ERCO,2026-05-21T00:25:00-05:00,493.482708557611,50546.0,"{""coal"": 7219.25, ""gas"": 32556.76, ""nuclear"": 3850.41, ""solar"": 0.05, ""unknown"": 49.9, ""wind"": 6869.63}"
US-TEX-ERCO,2026-05-21T00:30:00-05:00,492.11453706698455,50409.67999999999,"{""coal"": 7217.67, ""gas"": 32291.22, ""nuclear"": 3852.0, ""solar"": 0.06, ""unknown"": 50.1, ""wind"": 6998.63}"
US-TEX-ERCO,2026-05-21T00:35:00-05:00,491.33673407305537,50222.84,"{""coal"": 7212.76, ""gas"": 32044.75, ""nuclear"": 3851.45, ""solar"": 0.05, ""unknown"": 50.2, ""wind"": 7063.63}"
US-TEX-ERCO,2026-05-21T00:40:00-05:00,491.3832158420562,50049.0,"{""coal"": 7217.33, ""gas"": 31872.83, ""nuclear"": 3852.31, ""solar"": 0.05, ""unknown"": 50.1, ""wind"": 7056.38}"
US-TEX-ERCO,2026-05-21T00:45:00-05:00,490.8974033146941,50086.590000000004,"{""coal"": 7215.84, ""gas"": 31863.76, ""nuclear"": 3850.04, ""solar"": 0.05, ""unknown"": 50.0, ""wind"": 7106.9}"
US-TEX-ERCO,2026-05-21T00:50:00-05:00,489.15346327661655,50110.850000000006,"{""coal"": 7199.85, ""gas"": 31748.13, ""nuclear"": 3851.47, ""solar"": 0.05, ""unknown"": 50.0, ""wind"": 7261.35}"
US-TEX-ERCO,2026-05-21T00:55:00-05:00,488.51398881320796,49961.97000000001,"{""coal"": 7188.99, ""gas"": 31566.49, ""nuclear"": 3852.55, ""solar"": 0.05, ""unknown"": 50.0, ""wind"": 7303.89}"
US-TEX-ERCO,2026-05-21T01:00:00-05:00,490.03385853589646,49408.03,"{""coal"": 7192.31, ""gas"": 31181.43, ""nuclear"": 3852.36, ""solar"": 0.05, ""unknown"": 49.9, ""wind"": 7131.98}"
US-TEX-ERCO,2026-05-21T01:05:00-05:00,491.4864960346094,49197.61,"{""coal"": 7211.86, ""gas"": 31079.28, ""nuclear"": 3852.0, ""solar"": 0.23, ""unknown"": 50.1, ""wind"": 7004.14}"
US-TEX-ERCO,2026-05-21T01:10:00-05:00,492.27945876718456,49078.89000000001,"{""coal"": 7210.38, ""gas"": 31046.55, ""nuclear"": 3852.22, ""solar"": 0.05, ""unknown"": 50.0, ""wind"": 6919.69}"
US-TEX-ERCO,2026-05-21T01:15:00-05:00,492.53993371389464,49077.07000000001,"{""coal"": 7210.91, ""gas"": 31068.99, ""nuclear"": 3851.5, ""solar"": 0.05, ""unknown"": 50.1, ""wind"": 6895.52}"
US-TEX-ERCO,2026-05-21T01:20:00-05:00,493.0150580262222,48966.21000000001,"{""coal"": 7215.13, ""gas"": 30999.69, ""nuclear"": 3851.73, ""solar"": 0.05, ""unknown"": 50.0, ""wind"": 6849.61}"
US-TEX-ERCO,2026-05-21T01:25:00-05:00,494.21920708609866,48694.380000000005,"{""coal"": 7234.51, ""gas"": 30812.21, ""nuclear"": 3852.48, ""solar"": 3.35, ""unknown"": 50.0, ""wind"": 6741.83}"
US-TEX-ERCO,2026-05-21T01:30:00-05:00,496.0470555508924,48450.76,"{""coal"": 7245.19, ""gas"": 30730.45, ""nuclear"": 3852.53, ""solar"": 0.05, ""unknown"": 50.0, ""wind"": 6572.54}"
US-TEX-ERCO,2026-05-21T01:35:00-05:00,496.68103086325823,48328.08,"{""coal"": 7239.85, ""gas"": 30685.13, ""nuclear"": 3850.76, ""solar"": 0.05, ""unknown"": 49.7, ""wind"": 6502.59}"
US-TEX-ERCO,2026-05-21T01:40:00-05:00,498.11130566872663,48346.58000000001,"{""coal"": 7269.48, ""gas"": 30774.85, ""nuclear"": 3850.87, ""solar"": 0.05, ""unknown"": 50.0, ""wind"": 6401.33}"
US-TEX-ERCO,2026-05-21T01:45:00-05:00,498.1701370306232,48210.18000000001,"{""coal"": 7281.11, ""gas"": 30622.18, ""nuclear"": 3851.34, ""solar"": 0.05, ""unknown"": 50.0, ""wind"": 6405.5}"
US-TEX-ERCO,2026-05-21T01:50:00-05:00,497.63113073390815,48275.91,"{""coal"": 7298.84, ""gas"": 30594.82, ""nuclear"": 3852.95, ""solar"": 0.07, ""unknown"": 50.0, ""wind"": 6479.23}"
US-TEX-ERCO,2026-05-21T01:55:00-05:00,497.55890452375945,48179.92,"{""coal"": 7278.9, ""gas"": 30538.38, ""hydro"": 16.0, ""nuclear"": 3852.63, ""solar"": 0.05, ""unknown"": 50.1, ""wind"": 6443.86}"
US-TEX-ERCO,2026-05-21T02:00:00-05:00,496.55899490332763,48276.899999999994,"{""coal"": 7289.14, ""gas"": 30513.64, ""hydro"": 16.0, ""nuclear"": 3851.72, ""solar"": 0.06, ""unknown"": 50.0, ""wind"": 6556.34}"
US-TEX-ERCO,2026-05-21T02:05:00-05:00,495.3744859083109,48301.06,"{""coal"": 7274.93, ""gas"": 30454.71, ""hydro"": 16.0, ""nuclear"": 3852.18, ""solar"": 0.06, ""unknown"": 49.8, ""wind"": 6653.38}"
US-TEX-ERCO,2026-05-21T02:10:00-05:00,493.2105127821764,48471.130000000005,"{""coal"": 7275.02, ""gas"": 30409.03, ""hydro"": 17.0, ""nuclear"": 3851.85, ""solar"": 0.05, ""unknown"": 50.2, ""wind"": 6867.98}"
US-TEX-ERCO,2026-05-21T02:15:00-05:00,492.9670541344901,48421.99999999999,"{""coal"": 7255.42, ""gas"": 30381.73, ""hydro"": 17.0, ""nuclear"": 3852.92, ""solar"": 0.06, ""unknown"": 50.2, ""wind"": 6864.67}"
US-TEX-ERCO,2026-05-21T02:20:00-05:00,492.62961767987355,48349.44,"{""coal"": 7234.01, ""gas"": 30326.92, ""hydro"": 17.0, ""nuclear"": 3851.96, ""solar"": 0.05, ""unknown"": 50.2, ""wind"": 6869.3}"
US-TEX-ERCO,2026-05-21T02:25:00-05:00,491.4880257211063,48283.92,"{""coal"": 7187.63, ""gas"": 30257.06, ""hydro"": 16.0, ""nuclear"": 3853.17, ""solar"": 0.05, ""unknown"": 50.1, ""wind"": 6919.91}"
US-TEX-ERCO,2026-05-21T02:30:00-05:00,490.31573979430476,48231.5,"{""coal"": 7125.32, ""gas"": 30232.22, ""hydro"": 17.0, ""nuclear"": 3851.65, ""solar"": 0.06, ""unknown"": 50.1, ""wind"": 6955.15}"
US-TEX-ERCO,2026-05-21T02:35:00-05:00,489.9694122527945,48075.26000000001,"{""coal"": 7047.58, ""gas"": 30222.22, ""hydro"": 16.0, ""nuclear"": 3852.58, ""solar"": 0.11, ""unknown"": 50.0, ""wind"": 6886.77}"
US-TEX-ERCO,2026-05-21T02:40:00-05:00,491.5466154858343,47865.840000000004,"{""coal"": 7017.84, ""gas"": 30238.64, ""hydro"": 18.0, ""nuclear"": 3853.94, ""solar"": 0.05, ""unknown"": 50.0, ""wind"": 6687.37}"
US-TEX-ERCO,2026-05-21T02:45:00-05:00,491.9650448391765,47706.32,"{""coal"": 6987.71, ""gas"": 30192.35, ""hydro"": 14.0, ""nuclear"": 3852.28, ""solar"": 0.05, ""unknown"": 50.1, ""wind"": 6609.83}"
US-TEX-ERCO,2026-05-21T02:50:00-05:00,492.971272042619,47552.990000000005,"{""coal"": 6973.96, ""gas"": 30171.38, ""hydro"": 12.0, ""nuclear"": 3852.44, ""solar"": 0.05, ""unknown"": 50.0, ""wind"": 6493.16}"
US-TEX-ERCO,2026-05-21T02:55:00-05:00,493.5361708710123,47422.22,"{""coal"": 6946.53, ""gas"": 30159.8, ""hydro"": 12.0, ""nuclear"": 3850.79, ""solar"": 0.11, ""unknown"": 50.1, ""wind"": 6402.89}"
US-TEX-ERCO,2026-05-21T03:00:00-05:00,496.0321018421824,47546.5,"{""coal"": 6974.85, ""gas"": 30453.77, ""nuclear"": 3851.19, ""solar"": 0.06, ""unknown"": 50.0, ""wind"": 6216.63}"
US-TEX-ERCO,2026-05-21T03:05:00-05:00,498.1679650295763,47467.56999999999,"{""coal"": 6976.09, ""gas"": 30576.8, ""nuclear"": 3849.86, ""solar"": 3.09, ""unknown"": 50.0, ""wind"": 6011.73}"
US-TEX-ERCO,2026-05-21T03:10:00-05:00,498.2213666848774,47466.700000000004,"{""coal"": 6959.38, ""gas"": 30618.16, ""nuclear"": 3851.12, ""solar"": 0.05, ""unknown"": 50.0, ""wind"": 5987.99}"
US-TEX-ERCO,2026-05-21T03:15:00-05:00,497.1745729004956,47718.810000000005,"{""coal"": 6974.65, ""gas"": 30729.8, ""nuclear"": 3852.12, ""solar"": 0.12, ""unknown"": 49.9, ""wind"": 6112.22}"
US-TEX-ERCO,2026-05-21T03:20:00-05:00,494.7788858011415,47985.96,"{""coal"": 6971.62, ""gas"": 30766.15, ""nuclear"": 3852.13, ""solar"": 0.06, ""unknown"": 50.0, ""wind"": 6346.0}"
US-TEX-ERCO,2026-05-21T03:25:00-05:00,493.0321204776317,48106.43,"{""coal"": 6972.58, ""gas"": 30712.52, ""nuclear"": 3852.53, ""solar"": 0.05, ""unknown"": 50.1, ""wind"": 6518.65}"
US-TEX-ERCO,2026-05-21T03:30:00-05:00,490.87146559649193,48219.38,"{""coal"": 6957.86, ""gas"": 30646.09, ""nuclear"": 3853.21, ""solar"": 0.05, ""unknown"": 50.0, ""wind"": 6712.17}"
US-TEX-ERCO,2026-05-21T03:35:00-05:00,491.29884233720173,48077.89000000001,"{""coal"": 6972.51, ""gas"": 30519.15, ""nuclear"": 3852.47, ""solar"": 0.04, ""unknown"": 50.0, ""wind"": 6683.72}"
US-TEX-ERCO,2026-05-21T03:40:00-05:00,492.70782586074705,48003.45,"{""coal"": 6989.11, ""gas"": 30545.92, ""nuclear"": 3855.59, ""solar"": 0.05, ""unknown"": 50.0, ""wind"": 6562.78}"
US-TEX-ERCO,2026-05-21T03:45:00-05:00,490.4883350651989,48154.100000000006,"{""coal"": 6896.14, ""gas"": 30683.56, ""nuclear"": 3854.84, ""solar"": 0.05, ""unknown"": 50.1, ""wind"": 6669.41}"
US-TEX-ERCO,2026-05-21T03:50:00-05:00,490.41203268245675,48129.02,"{""coal"": 6877.42, ""gas"": 30693.91, ""nuclear"": 3852.95, ""solar"": 0.06, ""unknown"": 50.0, ""wind"": 6654.68}"
US-TEX-ERCO,2026-05-21T03:55:00-05:00,491.6441373964991,48028.020000000004,"{""coal"": 6875.81, ""gas"": 30718.52, ""nuclear"": 3853.67, ""solar"": 0.06, ""unknown"": 50.3, ""wind"": 6529.66}"
US-TEX-ERCO,2026-05-21T04:00:00-05:00,492.766956215846,47947.49999999999,"{""coal"": 6900.88, ""gas"": 30693.24, ""nuclear"": 3854.06, ""solar"": 0.06, ""unknown"": 50.2, ""wind"": 6449.06}"
US-TEX-ERCO,2026-05-21T04:05:00-05:00,494.05157279294286,47826.44,"{""coal"": 6879.01, ""gas"": 30748.1, ""nuclear"": 3854.58, ""solar"": 0.06, ""unknown"": 50.1, ""wind"": 6294.59}"
US-TEX-ERCO,2026-05-21T04:10:00-05:00,496.293301034399,47658.8,"{""coal"": 6880.07, ""gas"": 30797.33, ""nuclear"": 3854.62, ""solar"": 0.06, ""unknown"": 50.1, ""wind"": 6076.62}"
US-TEX-ERCO,2026-05-21T04:15:00-05:00,498.13736699698853,47514.99,"{""coal"": 6874.83, ""gas"": 30844.52, ""nuclear"": 3854.22, ""solar"": 0.06, ""unknown"": 50.1, ""wind"": 5891.26}"
US-TEX-ERCO,2026-05-21T04:20:00-05:00,500.0690681049853,47375.73999999999,"{""coal"": 6873.36, ""gas"": 30895.02, ""nuclear"": 3853.43, ""solar"": 0.06, ""unknown"": 50.1, ""wind"": 5703.77}"
US-TEX-ERCO,2026-05-21T04:25:00-05:00,500.59107517574506,47317.85,"{""coal"": 6863.69, ""gas"": 30909.95, ""nuclear"": 3853.83, ""solar"": 0.06, ""unknown"": 49.6, ""wind"": 5640.72}"
US-TEX-ERCO,2026-05-21T04:30:00-05:00,496.58324897990383,47688.87,"{""coal"": 6872.08, ""gas"": 30872.02, ""nuclear"": 3852.76, ""solar"": 0.05, ""unknown"": 49.9, ""wind"": 6042.06}"
US-TEX-ERCO,2026-05-21T04:35:00-05:00,494.02266283125596,48002.619999999995,"{""coal"": 6874.55, ""gas"": 30924.98, ""nuclear"": 3854.45, ""solar"": 0.07, ""unknown"": 50.1, ""wind"": 6298.47}"
US-TEX-ERCO,2026-05-21T04:40:00-05:00,491.9942671332755,48099.67,"{""coal"": 6871.15, ""gas"": 30831.28, ""nuclear"": 3853.26, ""solar"": 0.07, ""unknown"": 50.2, ""wind"": 6493.71}"
US-TEX-ERCO,2026-05-21T04:45:00-05:00,490.47795146367184,48225.45,"{""coal"": 6872.78, ""gas"": 30802.62, ""nuclear"": 3852.43, ""solar"": 0.06, ""unknown"": 50.1, ""wind"": 6647.46}"
US-TEX-ERCO,2026-05-21T04:50:00-05:00,491.13202908202504,48092.05,"{""coal"": 6867.59, ""gas"": 30749.15, ""nuclear"": 3854.46, ""solar"": 0.06, ""unknown"": 50.2, ""wind"": 6570.59}"
US-TEX-ERCO,2026-05-21T04:55:00-05:00,491.7648105524472,47697.04000000001,"{""coal"": 6851.07, ""gas"": 30467.83, ""nuclear"": 3852.87, ""solar"": 0.05, ""unknown"": 50.1, ""wind"": 6475.12}"
US-TEX-ERCO,2026-05-21T05:00:00-05:00,489.8658737948374,47893.44000000001,"{""coal"": 6823.73, ""gas"": 30535.54, ""nuclear"": 3853.41, ""solar"": 0.05, ""unknown"": 50.0, ""wind"": 6630.71}"
US-TEX-ERCO,2026-05-21T05:05:00-05:00,491.8082134561923,47861.07999999999,"{""coal"": 6840.73, ""gas"": 30652.08, ""nuclear"": 3853.1, ""solar"": 0.06, ""unknown"": 50.2, ""wind"": 6464.91}"
US-TEX-ERCO,2026-05-21T05:10:00-05:00,493.68261886156387,47729.0,"{""coal"": 6848.13, ""gas"": 30687.72, ""nuclear"": 3852.9, ""solar"": 0.08, ""unknown"": 50.0, ""wind"": 6290.17}"
US-TEX-ERCO,2026-05-21T05:15:00-05:00,491.43585392605934,47886.509999999995,"{""coal"": 6867.11, ""gas"": 30582.8, ""nuclear"": 3851.81, ""solar"": 0.23, ""unknown"": 49.9, ""wind"": 6534.66}"
US-TEX-ERCO,2026-05-21T05:20:00-05:00,491.31822714625014,47913.740000000005,"{""coal"": 6860.4, ""gas"": 30612.4, ""nuclear"": 3853.75, ""solar"": 0.05, ""unknown"": 50.0, ""wind"": 6537.14}"
US-TEX-ERCO,2026-05-21T05:25:00-05:00,491.12075521636024,47956.07000000001,"{""coal"": 6866.36, ""gas"": 30620.57, ""nuclear"": 3854.62, ""solar"": 0.05, ""unknown"": 50.2, ""wind"": 6564.27}"
US-TEX-ERCO,2026-05-21T05:30:00-05:00,491.2095374806304,48180.12,"{""coal"": 6888.2, ""gas"": 30795.37, ""nuclear"": 3853.83, ""solar"": 0.05, ""unknown"": 50.1, ""wind"": 6592.57}"
US-TEX-ERCO,2026-05-21T05:35:00-05:00,493.62010879668645,48124.869999999995,"{""coal"": 6908.92, ""gas"": 30928.03, ""nuclear"": 3852.26, ""solar"": 0.09, ""unknown"": 50.0, ""wind"": 6385.57}"
US-TEX-ERCO,2026-05-21T05:40:00-05:00,495.4495251360358,48137.47,"{""coal"": 6890.99, ""gas"": 31155.45, ""nuclear"": 3852.93, ""solar"": 0.06, ""unknown"": 50.1, ""wind"": 6187.94}"
US-TEX-ERCO,2026-05-21T05:45:00-05:00,498.24075650546325,48061.009999999995,"{""coal"": 6880.75, ""gas"": 31371.86, ""nuclear"": 3854.0, ""solar"": 0.1, ""unknown"": 50.1, ""wind"": 5904.2}"
US-TEX-ERCO,2026-05-21T05:50:00-05:00,501.3321833346258,48058.939999999995,"{""coal"": 6870.12, ""gas"": 31689.78, ""nuclear"": 3852.81, ""solar"": 0.1, ""unknown"": 50.1, ""wind"": 5596.03}"
US-TEX-ERCO,2026-05-21T05:55:00-05:00,503.0056341508797,48032.72,"{""coal"": 6909.96, ""gas"": 31736.24, ""nuclear"": 3853.27, ""solar"": 0.07, ""unknown"": 50.0, ""wind"": 5483.18}"
US-TEX-ERCO,2026-05-21T06:00:00-05:00,503.2518893758253,48084.23,"{""coal"": 6902.5, ""gas"": 31827.1, ""nuclear"": 3848.87, ""solar"": 0.19, ""unknown"": 49.9, ""wind"": 5455.67}"
US-TEX-ERCO,2026-05-21T06:05:00-05:00,502.4788661737979,48175.04,"{""coal"": 6870.63, ""gas"": 31912.4, ""nuclear"": 3848.48, ""solar"": 0.08, ""unknown"": 50.1, ""wind"": 5493.35}"
US-TEX-ERCO,2026-05-21T06:10:00-05:00,503.2386652542131,48034.04,"{""coal"": 6883.54, ""gas"": 31818.47, ""nuclear"": 3849.54, ""solar"": 0.09, ""unknown"": 50.0, ""wind"": 5432.4}"
US-TEX-ERCO,2026-05-21T06:15:00-05:00,503.4856722119787,48136.62,"{""coal"": 6884.88, ""gas"": 31939.88, ""nuclear"": 3848.94, ""solar"": 1.99, ""unknown"": 50.0, ""wind"": 5410.93}"
US-TEX-ERCO,2026-05-21T06:20:00-05:00,503.91208505455694,48249.91999999999,"{""coal"": 6902.61, ""gas"": 32052.73, ""nuclear"": 3847.88, ""solar"": 7.71, ""unknown"": 50.0, ""wind"": 5388.99}"
US-TEX-ERCO,2026-05-21T06:25:00-05:00,504.8373848240715,48256.01,"{""coal"": 6906.93, ""gas"": 32137.65, ""nuclear"": 3847.93, ""solar"": 21.91, ""unknown"": 50.1, ""wind"": 5291.49}"
US-TEX-ERCO,2026-05-21T06:30:00-05:00,504.85521792184585,48351.47,"{""coal"": 6915.6, ""gas"": 32213.69, ""nuclear"": 3849.51, ""solar"": 38.37, ""unknown"": 50.1, ""wind"": 5284.2}"
US-TEX-ERCO,2026-05-21T06:35:00-05:00,503.7981337903557,48576.899999999994,"{""coal"": 6913.4, ""gas"": 32333.66, ""nuclear"": 3849.59, ""solar"": 57.77, ""unknown"": 53.0, ""wind"": 5369.48}"
US-TEX-ERCO,2026-05-21T06:40:00-05:00,503.4432858370939,48683.87,"{""coal"": 6932.68, ""gas"": 32353.97, ""nuclear"": 3848.49, ""solar"": 92.86, ""unknown"": 57.8, ""wind"": 5398.07}"
US-TEX-ERCO,2026-05-21T06:45:00-05:00,504.5942791968388,48636.72,"{""coal"": 6943.84, ""gas"": 32396.92, ""nuclear"": 3848.91, ""solar"": 139.43, ""unknown"": 55.1, ""wind"": 5252.52}"
US-TEX-ERCO,2026-05-21T06:50:00-05:00,505.17036740969587,48563.590000000004,"{""coal"": 6946.77, ""gas"": 32378.08, ""nuclear"": 3849.03, ""solar"": 186.38, ""unknown"": 51.3, ""wind"": 5152.03}"
US-TEX-ERCO,2026-05-21T06:55:00-05:00,506.53588481312335,48513.39,"{""coal"": 6981.64, ""gas"": 32383.06, ""nuclear"": 3848.12, ""solar"": 230.95, ""unknown"": 50.6, ""wind"": 5019.02}"
US-TEX-ERCO,2026-05-21T07:00:00-05:00,506.84201815825867,48431.76,"{""coal"": 6948.86, ""gas"": 32401.24, ""nuclear"": 3846.34, ""solar"": 353.06, ""unknown"": 50.5, ""wind"": 4831.76}"
US-TEX-ERCO,2026-05-21T07:05:00-05:00,507.9798081388502,48335.04,"{""coal"": 6945.85, ""gas"": 32418.96, ""nuclear"": 3848.94, ""solar"": 455.67, ""unknown"": 50.5, ""wind"": 4615.12}"
US-TEX-ERCO,2026-05-21T07:10:00-05:00,508.34077814732603,48307.909999999996,"{""coal"": 6945.49, ""gas"": 32424.69, ""nuclear"": 3848.35, ""solar"": 552.52, ""unknown"": 50.6, ""wind"": 4486.26}"
US-TEX-ERCO,2026-05-21T07:15:00-05:00,507.1108635855506,48425.469999999994,"{""coal"": 6950.33, ""gas"": 32405.45, ""nuclear"": 3848.69, ""solar"": 651.77, ""unknown"": 53.1, ""wind"": 4516.13}"
US-TEX-ERCO,2026-05-21T07:20:00-05:00,506.1328727231158,48540.21,"{""coal"": 6952.36, ""gas"": 32410.43, ""nuclear"": 3848.75, ""solar"": 761.18, ""unknown"": 57.6, ""wind"": 4509.89}"
US-TEX-ERCO,2026-05-21T07:25:00-05:00,505.57833925159827,48607.71,"{""coal"": 6957.96, ""gas"": 32410.09, ""nuclear"": 3848.93, ""solar"": 902.53, ""unknown"": 55.2, ""wind"": 4433.0}"
US-TEX-ERCO,2026-05-21T07:30:00-05:00,502.97470257585013,48834.31,"{""coal"": 6949.04, ""gas"": 32401.36, ""nuclear"": 3847.63, ""solar"": 1066.28, ""unknown"": 50.6, ""wind"": 4519.4}"
US-TEX-ERCO,2026-05-21T07:35:00-05:00,500.5635476288685,49007.810000000005,"{""coal"": 6943.95, ""gas"": 32342.91, ""nuclear"": 3849.22, ""solar"": 1227.93, ""unknown"": 50.3, ""wind"": 4593.5}"
US-TEX-ERCO,2026-05-21T07:40:00-05:00,498.43984479105285,49277.759999999995,"{""coal"": 6936.09, ""gas"": 32410.41, ""nuclear"": 3849.84, ""solar"": 1378.56, ""unknown"": 50.6, ""wind"": 4652.26}"
US-TEX-ERCO,2026-05-21T07:45:00-05:00,496.9253031238382,49414.84,"{""coal"": 6932.15, ""gas"": 32399.23, ""nuclear"": 3852.23, ""solar"": 1517.6, ""unknown"": 50.5, ""wind"": 4663.13}"
US-TEX-ERCO,2026-05-21T07:50:00-05:00,495.36984128148407,49454.5,"{""coal"": 6918.17, ""gas"": 32309.95, ""nuclear"": 3849.13, ""solar"": 1704.14, ""unknown"": 50.4, ""wind"": 4622.71}"
US-TEX-ERCO,2026-05-21T07:55:00-05:00,494.4733479886246,49419.68,"{""coal"": 6915.81, ""gas"": 32188.13, ""nuclear"": 3849.71, ""solar"": 1872.42, ""unknown"": 50.5, ""wind"": 4543.11}"
US-TEX-ERCO,2026-05-21T08:00:00-05:00,493.7065102242975,49388.659999999996,"{""coal"": 6915.03, ""gas"": 32079.28, ""nuclear"": 3850.54, ""solar"": 2043.46, ""unknown"": 50.6, ""wind"": 4449.75}"
US-TEX-ERCO,2026-05-21T08:05:00-05:00,492.85540046661305,49466.049999999996,"{""coal"": 6923.38, ""gas"": 32047.11, ""nuclear"": 3847.96, ""solar"": 2196.81, ""unknown"": 50.4, ""wind"": 4400.39}"
US-TEX-ERCO,2026-05-21T08:10:00-05:00,489.5224168758981,49809.85999999999,"{""coal"": 6901.33, ""gas"": 32087.37, ""nuclear"": 3849.03, ""solar"": 2460.35, ""unknown"": 50.6, ""wind"": 4461.18}"
US-TEX-ERCO,2026-05-21T08:15:00-05:00,488.1893952288898,49935.63999999999,"{""coal"": 6898.54, ""gas"": 32075.25, ""nuclear"": 3849.25, ""solar"": 2647.52, ""unknown"": 50.7, ""wind"": 4414.38}"
US-TEX-ERCO,2026-05-21T08:20:00-05:00,487.02595077107065,50084.64,"{""coal"": 6895.47, ""gas"": 32103.31, ""nuclear"": 3849.12, ""solar"": 2801.35, ""unknown"": 50.6, ""wind"": 4384.79}"
US-TEX-ERCO,2026-05-21T08:25:00-05:00,488.0679492146692,49912.619999999995,"{""coal"": 6894.52, ""gas"": 32040.57, ""nuclear"": 3847.55, ""solar"": 2977.07, ""unknown"": 50.7, ""wind"": 4102.21}"
US-TEX-ERCO,2026-05-21T08:30:00-05:00,487.6495778295461,49995.17000000001,"{""coal"": 6881.81, ""gas"": 32101.34, ""nuclear"": 3848.84, ""solar"": 3118.33, ""unknown"": 50.8, ""wind"": 3994.05}"
US-TEX-ERCO,2026-05-21T08:35:00-05:00,486.3294039973235,50065.59,"{""coal"": 6871.32, ""gas"": 32053.66, ""nuclear"": 3849.76, ""solar"": 3331.1, ""unknown"": 50.7, ""wind"": 3909.05}"
US-TEX-ERCO,2026-05-21T08:40:00-05:00,486.05234650158525,50059.57,"{""coal"": 6846.4, ""gas"": 32070.8, ""nuclear"": 3850.11, ""solar"": 3499.26, ""unknown"": 50.6, ""wind"": 3742.4}"
US-TEX-ERCO,2026-05-21T08:45:00-05:00,484.54927724679675,50319.59,"{""coal"": 6858.27, ""gas"": 32128.6, ""nuclear"": 3848.6, ""solar"": 3767.98, ""unknown"": 53.2, ""wind"": 3662.94}"
US-TEX-ERCO,2026-05-21T08:50:00-05:00,484.1415406750134,50407.61,"{""coal"": 6857.44, ""gas"": 32163.44, ""nuclear"": 3850.76, ""solar"": 3874.25, ""unknown"": 57.6, ""wind"": 3604.12}"
US-TEX-ERCO,2026-05-21T08:55:00-05:00,481.77743406434433,50637.8,"{""coal"": 6853.78, ""gas"": 32136.65, ""nuclear"": 3851.41, ""solar"": 4191.52, ""unknown"": 60.6, ""wind"": 3543.84}"
US-TEX-ERCO,2026-05-21T09:00:00-05:00,478.61546883770654,50971.119999999995,"{""coal"": 6856.78, ""gas"": 32099.5, ""nuclear"": 3849.19, ""solar"": 4730.7, ""unknown"": 65.2, ""wind"": 3369.75}"
US-TEX-ERCO,2026-05-21T09:05:00-05:00,478.1144483621925,51093.130000000005,"{""coal"": 6879.24, ""gas"": 32097.02, ""nuclear"": 3850.43, ""solar"": 5108.61, ""unknown"": 68.4, ""wind"": 3089.43}"
US-TEX-ERCO,2026-05-21T09:10:00-05:00,480.2133828561678,51039.71,"{""coal"": 6920.57, ""gas"": 32161.76, ""nuclear"": 3849.32, ""solar"": 5158.7, ""unknown"": 72.8, ""wind"": 2876.56}"
US-TEX-ERCO,2026-05-21T09:15:00-05:00,480.0622010424812,51251.34,"{""coal"": 6946.95, ""gas"": 32275.31, ""nuclear"": 3849.97, ""solar"": 5436.13, ""unknown"": 74.6, ""wind"": 2668.38}"
US-TEX-ERCO,2026-05-21T09:20:00-05:00,476.3984128130469,51672.53,"{""coal"": 6941.52, ""gas"": 32282.3, ""nuclear"": 3850.24, ""solar"": 5952.72, ""unknown"": 79.3, ""wind"": 2566.45}"
US-TEX-ERCO,2026-05-21T09:25:00-05:00,473.99979129079605,51888.06,"{""coal"": 6934.56, ""gas"": 32238.45, ""nuclear"": 3848.52, ""solar"": 6221.1, ""unknown"": 81.7, ""wind"": 2563.73}"
US-TEX-ERCO,2026-05-21T09:30:00-05:00,471.6838891569189,52137.240000000005,"{""coal"": 6957.71, ""gas"": 32163.95, ""nuclear"": 3849.98, ""solar"": 6515.76, ""unknown"": 84.5, ""wind"": 2565.34}"
US-TEX-ERCO,2026-05-21T09:35:00-05:00,470.4118793268473,52338.58999999999,"{""coal"": 6975.23, ""gas"": 32173.17, ""nuclear"": 3850.17, ""solar"": 6653.46, ""unknown"": 84.6, ""wind"": 2601.96}"
US-TEX-ERCO,2026-05-21T09:40:00-05:00,467.1544374824361,52713.44999999999,"{""coal"": 6978.08, ""gas"": 32159.01, ""nuclear"": 3851.95, ""solar"": 6952.31, ""unknown"": 84.7, ""wind"": 2687.4}"
US-TEX-ERCO,2026-05-21T09:45:00-05:00,463.6557881884359,53075.22,"{""coal"": 6979.79, ""gas"": 32104.14, ""nuclear"": 3850.25, ""solar"": 7281.21, ""unknown"": 84.9, ""wind"": 2774.93}"
US-TEX-ERCO,2026-05-21T09:50:00-05:00,459.8062119796431,53134.58,"{""coal"": 6970.61, ""gas"": 31761.79, ""nuclear"": 3850.13, ""solar"": 7651.3, ""unknown"": 83.1, ""wind"": 2817.65}"
US-TEX-ERCO,2026-05-21T09:55:00-05:00,458.0062794839231,52942.12,"{""coal"": 6920.78, ""gas"": 31512.76, ""nuclear"": 3852.42, ""solar"": 7686.48, ""unknown"": 80.3, ""wind"": 2889.38}"
US-TEX-ERCO,2026-05-21T10:00:00-05:00,455.8029161535643,53305.78999999999,"{""coal"": 6897.21, ""gas"": 31653.6, ""nuclear"": 3850.11, ""solar"": 7862.84, ""unknown"": 77.6, ""wind"": 2964.43}"
US-TEX-ERCO,2026-05-21T10:05:00-05:00,454.08992451181723,53374.06,"{""coal"": 6873.98, ""gas"": 31583.3, ""nuclear"": 3850.69, ""solar"": 8024.08, ""unknown"": 74.2, ""wind"": 2967.81}"
US-TEX-ERCO,2026-05-21T10:10:00-05:00,451.3380835139702,53503.81,"{""coal"": 6848.87, ""gas"": 31458.42, ""nuclear"": 3850.31, ""solar"": 8271.35, ""unknown"": 70.1, ""wind"": 3004.76}"
US-TEX-ERCO,2026-05-21T10:15:00-05:00,447.611362715712,53902.02,"{""coal"": 6837.78, ""gas"": 31426.53, ""nuclear"": 3850.18, ""solar"": 8636.96, ""unknown"": 66.4, ""wind"": 3084.17}"
US-TEX-ERCO,2026-05-21T10:20:00-05:00,444.72857127703617,53994.69000000001,"{""coal"": 6792.8, ""gas"": 31287.33, ""nuclear"": 3850.4, ""solar"": 8660.86, ""unknown"": 72.58, ""wind"": 3330.72}"
US-TEX-ERCO,2026-05-21T10:25:00-05:00,441.5484509958758,54246.9,"{""coal"": 6771.58, ""gas"": 31207.46, ""nuclear"": 3850.82, ""solar"": 8880.25, ""unknown"": 68.68, ""wind"": 3468.11}"
US-TEX-ERCO,2026-05-21T10:30:00-05:00,437.0126388391008,54325.41,"{""coal"": 6732.92, ""gas"": 30862.74, ""nuclear"": 3849.39, ""solar"": 9279.36, ""unknown"": 64.87, ""wind"": 3536.13}"
US-TEX-ERCO,2026-05-21T10:35:00-05:00,431.56832357289045,54452.3,"{""coal"": 6715.46, ""gas"": 30411.13, ""nuclear"": 3851.06, ""solar"": 9683.58, ""unknown"": 61.27, ""wind"": 3729.8}"
US-TEX-ERCO,2026-05-21T10:40:00-05:00,427.64269758627114,54663.340000000004,"{""coal"": 6692.77, ""gas"": 30199.24, ""nuclear"": 3850.31, ""solar"": 10111.5, ""unknown"": 60.37, ""wind"": 3749.15}"
US-TEX-ERCO,2026-05-21T10:45:00-05:00,425.11906755595913,54832.939999999995,"{""coal"": 6698.22, ""gas"": 30056.26, ""nuclear"": 3850.11, ""solar"": 10429.07, ""unknown"": 50.6, ""wind"": 3748.68}"
US-TEX-ERCO,2026-05-21T10:50:00-05:00,423.5361518039233,54897.049999999996,"{""coal"": 6726.44, ""gas"": 29869.01, ""nuclear"": 3849.61, ""solar"": 10580.84, ""unknown"": 50.5, ""wind"": 3820.65}"
US-TEX-ERCO,2026-05-21T10:55:00-05:00,423.2454376869039,55110.46,"{""coal"": 6709.95, ""gas"": 30044.66, ""nuclear"": 3849.1, ""solar"": 10733.37, ""unknown"": 50.6, ""wind"": 3722.78}"
US-TEX-ERCO,2026-05-21T11:00:00-05:00,422.49960492686097,55656.33,"{""coal"": 6728.38, ""gas"": 30362.72, ""nuclear"": 3849.34, ""solar"": 10987.64, ""unknown"": 50.4, ""wind"": 3677.85}"
US-TEX-ERCO,2026-05-21T11:05:00-05:00,420.37863771482955,55986.56,"{""coal"": 6689.56, ""gas"": 30471.05, ""nuclear"": 3849.95, ""solar"": 11393.92, ""unknown"": 50.5, ""wind"": 3531.58}"
US-TEX-ERCO,2026-05-21T11:10:00-05:00,417.41142438539543,56315.93,"{""coal"": 6683.98, ""gas"": 30404.2, ""nuclear"": 3850.42, ""solar"": 11909.19, ""unknown"": 50.4, ""wind"": 3417.74}"
US-TEX-ERCO,2026-05-21T11:15:00-05:00,415.30826308722214,56416.22,"{""coal"": 6684.53, ""gas"": 30238.67, ""nuclear"": 3849.32, ""solar"": 12220.87, ""unknown"": 50.3, ""wind"": 3372.53}"
US-TEX-ERCO,2026-05-21T11:20:00-05:00,411.9805884120977,56652.27999999999,"{""coal"": 6688.43, ""gas"": 30030.19, ""nuclear"": 3849.6, ""solar"": 12702.55, ""unknown"": 50.4, ""wind"": 3331.11}"
US-TEX-ERCO,2026-05-21T11:25:00-05:00,409.5536682022896,56443.91,"{""coal"": 6682.52, ""gas"": 29596.98, ""nuclear"": 3851.22, ""solar"": 12918.04, ""unknown"": 50.5, ""wind"": 3344.65}"
US-TEX-ERCO,2026-05-21T11:30:00-05:00,409.53478931609806,56648.29000000001,"{""coal"": 6721.64, ""gas"": 29666.9, ""nuclear"": 3850.98, ""solar"": 13053.08, ""unknown"": 50.3, ""wind"": 3305.39}"
US-TEX-ERCO,2026-05-21T11:35:00-05:00,408.34428076800964,56652.54,"{""coal"": 6718.26, ""gas"": 29538.38, ""nuclear"": 3850.32, ""solar"": 13215.4, ""unknown"": 50.4, ""wind"": 3279.78}"
US-TEX-ERCO,2026-05-21T11:40:00-05:00,407.08534037787376,56854.4,"{""coal"": 6695.16, ""gas"": 29601.52, ""nuclear"": 3851.29, ""solar"": 13393.08, ""unknown"": 50.5, ""wind"": 3262.85}"
US-TEX-ERCO,2026-05-21T11:45:00-05:00,408.3126100025271,56526.92,"{""coal"": 6720.3, ""gas"": 29431.37, ""nuclear"": 3849.38, ""solar"": 13193.17, ""unknown"": 50.4, ""wind"": 3282.3}"
US-TEX-ERCO,2026-05-21T11:50:00-05:00,406.3984425920637,56928.77,"{""coal"": 6681.74, ""gas"": 29611.66, ""nuclear"": 3849.11, ""solar"": 13420.52, ""unknown"": 50.2, ""wind"": 3315.54}"
US-TEX-ERCO,2026-05-21T11:55:00-05:00,404.7596689944582,57080.77,"{""coal"": 6677.94, ""gas"": 29547.01, ""nuclear"": 3850.1, ""solar"": 13629.83, ""unknown"": 50.4, ""wind"": 3325.49}"
US-TEX-ERCO,2026-05-21T12:00:00-05:00,402.94197559691577,57443.71,"{""coal"": 6682.91, ""gas"": 29605.23, ""nuclear"": 3849.99, ""solar"": 13893.6, ""unknown"": 50.3, ""wind"": 3361.68}"
US-TEX-ERCO,2026-05-21T12:05:00-05:00,401.5850467305074,57794.34,"{""coal"": 6674.81, ""gas"": 29733.85, ""nuclear"": 3850.29, ""solar"": 14135.32, ""unknown"": 50.3, ""wind"": 3349.77}"
US-TEX-ERCO,2026-05-21T12:10:00-05:00,401.16790261071617,57805.56,"{""coal"": 6659.74, ""gas"": 29728.71, ""nuclear"": 3849.89, ""solar"": 14103.46, ""unknown"": 50.4, ""wind"": 3413.36}"
US-TEX-ERCO,2026-05-21T12:15:00-05:00,399.0743478197934,58115.310000000005,"{""coal"": 6629.17, ""gas"": 29789.21, ""nuclear"": 3848.17, ""solar"": 14303.45, ""unknown"": 50.3, ""wind"": 3495.01}"
US-TEX-ERCO,2026-05-21T12:20:00-05:00,398.2084505983217,58067.61,"{""coal"": 6595.64, ""gas"": 29727.97, ""nuclear"": 3849.32, ""solar"": 14243.46, ""unknown"": 50.4, ""wind"": 3600.82}"
US-TEX-ERCO,2026-05-21T12:25:00-05:00,398.2060479272439,58192.78,"{""coal"": 6586.28, ""gas"": 29847.11, ""nuclear"": 3849.96, ""solar"": 14175.36, ""unknown"": 50.4, ""wind"": 3683.67}"
US-TEX-ERCO,2026-05-21T12:30:00-05:00,398.6801402350096,58403.71,"{""coal"": 6607.39, ""gas"": 30019.73, ""nuclear"": 3850.45, ""solar"": 14140.14, ""unknown"": 50.2, ""wind"": 3735.8}"
US-TEX-ERCO,2026-05-21T12:35:00-05:00,400.64136947670715,58228.13,"{""coal"": 6645.72, ""gas"": 30035.16, ""nuclear"": 3850.69, ""solar"": 13836.41, ""unknown"": 50.5, ""wind"": 3809.65}"
US-TEX-ERCO,2026-05-21T12:40:00-05:00,401.28760565701515,58434.030000000006,"{""coal"": 6667.85, ""gas"": 30221.38, ""nuclear"": 3852.43, ""solar"": 13847.33, ""unknown"": 50.3, ""wind"": 3794.74}"
US-TEX-ERCO,2026-05-21T12:45:00-05:00,398.45414023492947,59062.71,"{""coal"": 6671.4, ""gas"": 30357.33, ""nuclear"": 3849.24, ""solar"": 14257.08, ""unknown"": 50.2, ""wind"": 3877.46}"
US-TEX-ERCO,2026-05-21T12:50:00-05:00,396.48181667153864,59574.59,"{""coal"": 6722.07, ""gas"": 30396.94, ""nuclear"": 3849.15, ""solar"": 14569.38, ""unknown"": 50.3, ""wind"": 3986.75}"
US-TEX-ERCO,2026-05-21T12:55:00-05:00,397.8698040030389,59418.700000000004,"{""coal"": 6769.77, ""gas"": 30343.91, ""hydro"": 41.0, ""nuclear"": 3849.71, ""solar"": 14253.68, ""unknown"": 50.3, ""wind"": 4110.33}"
US-TEX-ERCO,2026-05-21T13:00:00-05:00,396.71613554640453,59771.06,"{""coal"": 6796.35, ""gas"": 30414.3, ""hydro"": 45.0, ""nuclear"": 3851.21, ""solar"": 14427.1, ""unknown"": 50.2, ""wind"": 4186.9}"
US-TEX-ERCO,2026-05-21T13:05:00-05:00,394.40825736368174,60138.12,"{""coal"": 6788.1, ""gas"": 30429.04, ""hydro"": 46.0, ""nuclear"": 3848.76, ""solar"": 14734.92, ""unknown"": 50.3, ""wind"": 4241.0}"
US-TEX-ERCO,2026-05-21T13:10:00-05:00,395.00565849910697,60167.08,"{""coal"": 6847.5, ""gas"": 30393.38, ""hydro"": 47.0, ""nuclear"": 3848.47, ""solar"": 14652.2, ""unknown"": 50.4, ""wind"": 4328.13}"
US-TEX-ERCO,2026-05-21T13:15:00-05:00,392.93059482411235,60495.95,"{""coal"": 6830.86, ""gas"": 30426.03, ""hydro"": 46.0, ""nuclear"": 3847.93, ""solar"": 14851.05, ""unknown"": 50.4, ""wind"": 4443.68}"
US-TEX-ERCO,2026-05-21T13:20:00-05:00,392.1094800907917,60717.73,"{""coal"": 6857.9, ""gas"": 30432.24, ""hydro"": 45.0, ""nuclear"": 3849.21, ""solar"": 14961.34, ""unknown"": 50.5, ""wind"": 4521.54}"
US-TEX-ERCO,2026-05-21T13:25:00-05:00,391.0271733655407,60996.19,"{""coal"": 6884.63, ""gas"": 30446.34, ""hydro"": 46.0, ""nuclear"": 3848.96, ""solar"": 15192.27, ""unknown"": 50.4, ""wind"": 4527.59}"
US-TEX-ERCO,2026-05-21T13:30:00-05:00,393.1254576006965,60749.46,"{""coal"": 6922.24, ""gas"": 30439.06, ""hydro"": 47.0, ""nuclear"": 3848.27, ""solar"": 14885.54, ""unknown"": 50.4, ""wind"": 4556.95}"
US-TEX-ERCO,2026-05-21T13:35:00-05:00,393.3920436786215,60784.65,"{""coal"": 6963.81, ""gas"": 30410.2, ""hydro"": 47.0, ""nuclear"": 3849.54, ""solar"": 14736.57, ""unknown"": 50.5, ""wind"": 4727.03}"
US-TEX-ERCO,2026-05-21T13:40:00-05:00,392.4503068055497,60938.73999999999,"{""coal"": 6962.5, ""gas"": 30418.14, ""hydro"": 45.0, ""nuclear"": 3848.46, ""solar"": 14670.66, ""unknown"": 50.5, ""wind"": 4943.48}"
US-TEX-ERCO,2026-05-21T13:45:00-05:00,389.8145990641432,61426.250000000015,"{""coal"": 6983.64, ""gas"": 30411.63, ""hydro"": 45.0, ""nuclear"": 3848.12, ""solar"": 14941.48, ""unknown"": 50.3, ""wind"": 5146.08}"
US-TEX-ERCO,2026-05-21T13:50:00-05:00,388.5096327927344,61588.990000000005,"{""coal"": 6978.88, ""gas"": 30385.81, ""hydro"": 47.0, ""nuclear"": 3848.54, ""solar"": 14906.39, ""unknown"": 50.3, ""wind"": 5372.07}"
US-TEX-ERCO,2026-05-21T13:55:00-05:00,385.6659894535294,61735.42999999999,"{""coal"": 6964.07, ""gas"": 30171.28, ""hydro"": 45.0, ""nuclear"": 3849.63, ""solar"": 15169.53, ""unknown"": 50.2, ""wind"": 5485.72}"
US-TEX-ERCO,2026-05-21T14:00:00-05:00,381.5081108808338,62268.56,"{""coal"": 6964.07, ""gas"": 30035.67, ""hydro"": 45.0, ""nuclear"": 3846.8, ""solar"": 15774.26, ""unknown"": 50.2, ""wind"": 5552.56}"
US-TEX-ERCO,2026-05-21T14:05:00-05:00,379.64910865985223,62291.37,"{""coal"": 6943.1, ""gas"": 29860.3, ""hydro"": 45.0, ""nuclear"": 3846.8, ""solar"": 16040.57, ""unknown"": 50.2, ""wind"": 5505.4}"
US-TEX-ERCO,2026-05-21T14:10:00-05:00,376.34530941675195,62646.98,"{""coal"": 6914.99, ""gas"": 29760.21, ""hydro"": 45.0, ""nuclear"": 3847.83, ""solar"": 16416.47, ""unknown"": 50.3, ""wind"": 5612.18}"
US-TEX-ERCO,2026-05-21T14:15:00-05:00,372.8647065147326,62785.280000000006,"{""coal"": 6811.97, ""gas"": 29644.25, ""hydro"": 45.0, ""nuclear"": 3848.47, ""solar"": 16737.4, ""unknown"": 50.3, ""wind"": 5647.89}"
US-TEX-ERCO,2026-05-21T14:20:00-05:00,368.84839381980356,62897.36,"{""coal"": 6729.03, ""gas"": 29400.86, ""hydro"": 45.0, ""nuclear"": 3847.12, ""solar"": 16877.94, ""unknown"": 50.5, ""wind"": 5946.91}"
US-TEX-ERCO,2026-05-21T14:25:00-05:00,365.8093405370117,63000.67,"{""coal"": 6615.44, ""gas"": 29339.94, ""hydro"": 45.0, ""nuclear"": 3848.69, ""solar"": 17043.97, ""unknown"": 50.4, ""wind"": 6057.23}"
US-TEX-ERCO,2026-05-21T14:30:00-05:00,364.42480369137735,62900.35,"{""coal"": 6552.33, ""gas"": 29233.42, ""hydro"": 45.0, ""nuclear"": 3849.68, ""solar"": 17109.99, ""unknown"": 50.3, ""wind"": 6059.63}"
US-TEX-ERCO,2026-05-21T14:35:00-05:00,362.8338580254583,62776.93,"{""coal"": 6479.66, ""gas"": 29109.9, ""hydro"": 45.0, ""nuclear"": 3848.08, ""solar"": 17057.84, ""unknown"": 50.3, ""wind"": 6186.15}"
US-TEX-ERCO,2026-05-21T14:40:00-05:00,358.7929124219045,62826.340000000004,"{""coal"": 6382.69, ""gas"": 28844.96, ""hydro"": 45.0, ""nuclear"": 3848.09, ""solar"": 17347.28, ""unknown"": 50.2, ""wind"": 6308.12}"
US-TEX-ERCO,2026-05-21T14:45:00-05:00,354.23437354206607,63062.86,"{""coal"": 6285.76, ""gas"": 28642.84, ""hydro"": 45.0, ""nuclear"": 3847.13, ""solar"": 17609.61, ""unknown"": 50.3, ""wind"": 6582.22}"
US-TEX-ERCO,2026-05-21T14:50:00-05:00,349.5012561994148,63152.45,"{""coal"": 6137.76, ""gas"": 28431.05, ""hydro"": 46.0, ""nuclear"": 3847.57, ""solar"": 17781.44, ""unknown"": 50.4, ""wind"": 6858.23}"
US-TEX-ERCO,2026-05-21T14:55:00-05:00,348.38072571436703,62817.649999999994,"{""coal"": 6036.48, ""gas"": 28299.72, ""hydro"": 60.0, ""nuclear"": 3848.22, ""solar"": 17404.0, ""unknown"": 50.5, ""wind"": 7118.73}"
US-TEX-ERCO,2026-05-21T15:00:00-05:00,343.1003291282122,62846.81000000001,"{""coal"": 5874.12, ""gas"": 28006.58, ""hydro"": 58.0, ""nuclear"": 3848.63, ""solar"": 17790.66, ""unknown"": 50.3, ""wind"": 7218.52}"
US-TEX-ERCO,2026-05-21T15:05:00-05:00,336.1812091841209,63105.59,"{""coal"": 5652.46, ""gas"": 27784.65, ""hydro"": 58.0, ""nuclear"": 3847.99, ""solar"": 18273.28, ""unknown"": 50.3, ""wind"": 7438.91}"
US-TEX-ERCO,2026-05-21T15:10:00-05:00,330.22311391324683,62927.759999999995,"{""coal"": 5481.44, ""gas"": 27295.86, ""hydro"": 58.0, ""nuclear"": 3849.49, ""solar"": 18427.42, ""unknown"": 50.6, ""wind"": 7764.95}"
US-TEX-ERCO,2026-05-21T15:15:00-05:00,324.157938539545,62946.689999999995,"{""coal"": 5283.45, ""gas"": 26974.71, ""hydro"": 58.0, ""nuclear"": 3849.51, ""solar"": 18798.78, ""unknown"": 50.6, ""wind"": 7931.64}"
US-TEX-ERCO,2026-05-21T15:20:00-05:00,321.1981431850563,62666.2,"{""coal"": 5227.26, ""gas"": 26558.52, ""hydro"": 59.0, ""nuclear"": 3849.47, ""solar"": 18657.62, ""unknown"": 50.4, ""wind"": 8263.93}"
US-TEX-ERCO,2026-05-21T15:25:00-05:00,320.68514300106307,62152.16,"{""coal"": 5122.92, ""gas"": 26424.56, ""hydro"": 58.0, ""nuclear"": 3848.52, ""solar"": 18099.88, ""unknown"": 50.4, ""wind"": 8547.88}"
US-TEX-ERCO,2026-05-21T15:30:00-05:00,319.59365552591936,62235.75,"{""coal"": 5051.57, ""gas"": 26503.01, ""hydro"": 60.0, ""nuclear"": 3850.33, ""solar"": 17949.26, ""unknown"": 50.6, ""wind"": 8770.98}"
US-TEX-ERCO,2026-05-21T15:35:00-05:00,319.0414600015104,61875.600000000006,"{""coal"": 4991.03, ""gas"": 26354.85, ""hydro"": 60.0, ""nuclear"": 3849.48, ""solar"": 17704.55, ""unknown"": 50.4, ""wind"": 8865.29}"
US-TEX-ERCO,2026-05-21T15:40:00-05:00,317.8415541370398,62036.91,"{""coal"": 4949.98, ""gas"": 26398.58, ""hydro"": 60.0, ""nuclear"": 3849.66, ""solar"": 17629.6, ""unknown"": 50.5, ""wind"": 9098.59}"
US-TEX-ERCO,2026-05-21T15:45:00-05:00,315.93845992825305,62023.84999999999,"{""coal"": 4893.74, ""gas"": 26272.21, ""hydro"": 59.0, ""nuclear"": 3849.2, ""solar"": 17908.1, ""unknown"": 50.2, ""wind"": 8991.4}"
US-TEX-ERCO,2026-05-21T15:50:00-05:00,314.11139734322165,61941.62,"{""coal"": 4856.27, ""gas"": 26076.64, ""hydro"": 58.0, ""nuclear"": 3853.1, ""solar"": 17994.89, ""unknown"": 50.5, ""wind"": 9052.22}"
US-TEX-ERCO,2026-05-21T15:55:00-05:00,315.77227355143106,61375.56,"{""coal"": 4832.62, ""gas"": 26000.49, ""hydro"": 92.0, ""nuclear"": 3852.93, ""solar"": 17605.97, ""unknown"": 50.6, ""wind"": 8940.95}"
US-TEX-ERCO,2026-05-21T16:00:00-05:00,315.300594640934,60647.03,"{""coal"": 4793.84, ""gas"": 25594.51, ""hydro"": 94.0, ""nuclear"": 3853.12, ""solar"": 17340.42, ""unknown"": 50.4, ""wind"": 8920.74}"
US-TEX-ERCO,2026-05-21T16:05:00-05:00,317.68197806701687,60850.00000000001,"{""coal"": 4784.97, ""gas"": 26038.45, ""hydro"": 91.0, ""nuclear"": 3853.28, ""solar"": 16930.26, ""unknown"": 50.4, ""wind"": 9101.64}"
US-TEX-ERCO,2026-05-21T16:10:00-05:00,318.11909364689376,60599.14,"{""coal"": 4760.39, ""gas"": 25996.18, ""hydro"": 91.0, ""nuclear"": 3853.64, ""solar"": 16793.88, ""unknown"": 50.5, ""wind"": 9053.55}"
US-TEX-ERCO,2026-05-21T16:15:00-05:00,318.02296992379803,60749.35,"{""coal"": 4728.95, ""gas"": 26142.34, ""hydro"": 91.0, ""nuclear"": 3852.82, ""solar"": 16934.17, ""unknown"": 50.4, ""wind"": 8949.67}"
US-TEX-ERCO,2026-05-21T16:20:00-05:00,315.1181215885344,60939.5,"{""coal"": 4729.45, ""gas"": 25887.69, ""hydro"": 90.0, ""nuclear"": 3852.77, ""solar"": 17515.11, ""unknown"": 50.4, ""wind"": 8814.08}"
US-TEX-ERCO,2026-05-21T16:25:00-05:00,315.1980232627088,60284.600000000006,"{""coal"": 4726.16, ""gas"": 25513.52, ""hydro"": 92.0, ""nuclear"": 3853.55, ""solar"": 17305.1, ""unknown"": 50.3, ""wind"": 8743.97}"
US-TEX-ERCO,2026-05-21T16:30:00-05:00,315.0228968918604,60322.06999999999,"{""coal"": 4756.39, ""gas"": 25440.71, ""hydro"": 94.0, ""nuclear"": 3852.91, ""solar"": 17548.82, ""unknown"": 50.5, ""wind"": 8578.74}"
US-TEX-ERCO,2026-05-21T16:35:00-05:00,318.4088482083793,59914.96,"{""coal"": 4776.63, ""gas"": 25567.51, ""hydro"": 94.0, ""nuclear"": 3852.21, ""solar"": 17094.6, ""unknown"": 50.0, ""wind"": 8480.01}"
US-TEX-ERCO,2026-05-21T16:40:00-05:00,322.0067609171016,60538.0,"{""coal"": 4784.78, ""gas"": 26366.66, ""hydro"": 91.0, ""nuclear"": 3852.92, ""solar"": 17067.59, ""unknown"": 50.1, ""wind"": 8324.95}"
US-TEX-ERCO,2026-05-21T16:45:00-05:00,323.9519261559767,60584.04,"{""coal"": 4786.61, ""gas"": 26630.14, ""hydro"": 90.0, ""nuclear"": 3852.33, ""solar"": 16948.35, ""unknown"": 49.8, ""wind"": 8226.81}"
US-TEX-ERCO,2026-05-21T16:50:00-05:00,323.0220353085666,60804.76000000001,"{""coal"": 4779.56, ""gas"": 26665.38, ""hydro"": 91.0, ""nuclear"": 3853.68, ""solar"": 17123.23, ""unknown"": 50.0, ""wind"": 8241.91}"
US-TEX-ERCO,2026-05-21T16:55:00-05:00,322.9848917982014,60583.03999999999,"{""coal"": 4777.83, ""gas"": 26532.7, ""hydro"": 127.0, ""nuclear"": 3852.52, ""solar"": 16881.65, ""unknown"": 50.1, ""wind"": 8361.24}"
US-TEX-ERCO,2026-05-21T17:00:00-05:00,322.26861068482737,59990.189999999995,"{""coal"": 4771.83, ""gas"": 26097.85, ""hydro"": 143.86, ""nuclear"": 3852.7, ""solar"": 16653.19, ""unknown"": 49.9, ""wind"": 8420.86}"
US-TEX-ERCO,2026-05-21T17:05:00-05:00,323.4872878844179,60222.37999999999,"{""coal"": 4774.65, ""gas"": 26383.51, ""hydro"": 155.11, ""nuclear"": 3854.53, ""solar"": 16591.67, ""unknown"": 50.0, ""wind"": 8412.91}"
US-TEX-ERCO,2026-05-21T17:10:00-05:00,328.63020001278375,59840.98,"{""coal"": 4796.69, ""gas"": 26730.7, ""hydro"": 155.37, ""nuclear"": 3851.28, ""solar"": 15907.34, ""unknown"": 50.0, ""wind"": 8349.6}"
US-TEX-ERCO,2026-05-21T17:15:00-05:00,335.02249189022046,59912.04,"{""coal"": 4881.65, ""gas"": 27369.36, ""hydro"": 154.73, ""nuclear"": 3849.28, ""solar"": 15288.95, ""unknown"": 49.9, ""wind"": 8318.17}"
US-TEX-ERCO,2026-05-21T17:20:00-05:00,337.8618906481725,60475.490000000005,"{""coal"": 4981.24, ""gas"": 27852.66, ""hydro"": 193.05, ""nuclear"": 3853.49, ""solar"": 15340.13, ""unknown"": 49.9, ""wind"": 8205.02}"
US-TEX-ERCO,2026-05-21T17:25:00-05:00,342.2342147360951,60275.61,"{""coal"": 5110.11, ""gas"": 27971.43, ""hydro"": 198.35, ""nuclear"": 3852.93, ""solar"": 15018.23, ""unknown"": 49.9, ""wind"": 8074.66}"
US-TEX-ERCO,2026-05-21T17:30:00-05:00,347.45776167717264,60020.53,"{""coal"": 5250.14, ""gas"": 28131.31, ""hydro"": 197.31, ""nuclear"": 3852.13, ""solar"": 14546.46, ""unknown"": 50.0, ""wind"": 7993.18}"
US-TEX-ERCO,2026-05-21T17:35:00-05:00,353.5073693330218,59890.11000000001,"{""coal"": 5375.49, ""gas"": 28499.44, ""hydro"": 198.51, ""nuclear"": 3853.26, ""solar"": 14163.2, ""unknown"": 50.1, ""wind"": 7750.11}"
US-TEX-ERCO,2026-05-21T17:40:00-05:00,359.6959889027207,59733.06999999999,"{""coal"": 5538.23, ""gas"": 28779.67, ""hydro"": 185.46, ""nuclear"": 3851.23, ""solar"": 13793.29, ""unknown"": 50.1, ""wind"": 7535.09}"
US-TEX-ERCO,2026-05-21T17:45:00-05:00,361.7585353631388,60056.06,"{""coal"": 5617.35, ""gas"": 29074.39, ""hydro"": 181.08, ""nuclear"": 3853.2, ""solar"": 13858.69, ""unknown"": 49.9, ""wind"": 7421.45}"
US-TEX-ERCO,2026-05-21T17:50:00-05:00,366.32524968038894,60043.07,"{""coal"": 5824.79, ""gas"": 29162.94, ""hydro"": 185.32, ""nuclear"": 3853.44, ""solar"": 13474.45, ""unknown"": 50.1, ""wind"": 7492.03}"
US-TEX-ERCO,2026-05-21T17:55:00-05:00,369.0584537900055,59846.520000000004,"{""coal"": 5988.73, ""gas"": 28991.71, ""hydro"": 180.11, ""nuclear"": 3851.43, ""solar"": 13307.11, ""unknown"": 49.8, ""wind"": 7477.63}"
US-TEX-ERCO,2026-05-21T18:00:00-05:00,372.80372251885126,59737.58,"{""coal"": 6128.46, ""gas"": 29062.75, ""hydro"": 179.92, ""nuclear"": 3852.53, ""solar"": 12878.18, ""unknown"": 49.8, ""wind"": 7585.94}"
US-TEX-ERCO,2026-05-21T18:05:00-05:00,373.65488157718823,59575.530000000006,"{""coal"": 6230.32, ""gas"": 28826.32, ""hydro"": 183.1, ""nuclear"": 3850.97, ""solar"": 12688.73, ""unknown"": 49.9, ""wind"": 7746.19}"
US-TEX-ERCO,2026-05-21T18:10:00-05:00,375.8346070763749,59725.28999999999,"{""coal"": 6333.61, ""gas"": 28971.23, ""hydro"": 185.36, ""nuclear"": 3851.81, ""solar"": 12480.67, ""unknown"": 49.9, ""wind"": 7852.71}"
US-TEX-ERCO,2026-05-21T18:15:00-05:00,382.01076568250977,59275.280000000006,"{""coal"": 6492.07, ""gas"": 29043.65, ""hydro"": 185.41, ""nuclear"": 3851.96, ""solar"": 11750.22, ""unknown"": 50.0, ""wind"": 7901.97}"
US-TEX-ERCO,2026-05-21T18:20:00-05:00,384.4792047730738,59745.75,"{""coal"": 6582.97, ""gas"": 29486.28, ""hydro"": 183.08, ""nuclear"": 3851.9, ""solar"": 11686.92, ""unknown"": 50.0, ""wind"": 7904.6}"
US-TEX-ERCO,2026-05-21T18:25:00-05:00,388.1755431903662,59613.009999999995,"{""coal"": 6663.17, ""gas"": 29660.27, ""hydro"": 184.1, ""nuclear"": 3851.95, ""solar"": 11295.5, ""unknown"": 50.1, ""wind"": 7907.92}"
US-TEX-ERCO,2026-05-21T18:30:00-05:00,394.08860478975845,59157.45,"{""coal"": 6793.03, ""gas"": 29752.36, ""hydro"": 185.27, ""nuclear"": 3850.88, ""solar"": 10441.47, ""unknown"": 49.9, ""wind"": 8084.54}"
US-TEX-ERCO,2026-05-21T18:35:00-05:00,397.00885645364644,59394.77,"{""coal"": 6890.29, ""gas"": 30072.04, ""hydro"": 192.95, ""nuclear"": 3852.13, ""solar"": 10156.89, ""unknown"": 49.9, ""wind"": 8180.57}"
US-TEX-ERCO,2026-05-21T18:40:00-05:00,401.9244082426636,58853.21,"{""coal"": 6988.2, ""gas"": 30032.05, ""hydro"": 198.17, ""nuclear"": 3851.58, ""solar"": 9555.47, ""unknown"": 50.1, ""wind"": 8177.64}"
US-TEX-ERCO,2026-05-21T18:45:00-05:00,406.40805360520557,58605.38,"{""coal"": 7045.29, ""gas"": 30251.62, ""hydro"": 196.27, ""nuclear"": 3849.16, ""solar"": 9040.95, ""unknown"": 49.9, ""wind"": 8172.19}"
US-TEX-ERCO,2026-05-21T18:50:00-05:00,411.4805837667543,58451.979999999996,"{""coal"": 7096.1, ""gas"": 30627.59, ""hydro"": 193.02, ""nuclear"": 3852.11, ""solar"": 8426.97, ""unknown"": 49.7, ""wind"": 8206.49}"
US-TEX-ERCO,2026-05-21T18:55:00-05:00,416.61211087254264,58299.38,"{""coal"": 7149.97, ""gas"": 31001.28, ""hydro"": 198.17, ""nuclear"": 3849.18, ""solar"": 7788.2, ""unknown"": 49.8, ""wind"": 8262.78}"
US-TEX-ERCO,2026-05-21T19:00:00-05:00,418.2913600495491,57808.28,"{""coal"": 7094.88, ""gas"": 30934.88, ""hydro"": 190.86, ""nuclear"": 3851.51, ""solar"": 7285.17, ""unknown"": 49.6, ""wind"": 8401.38}"
US-TEX-ERCO,2026-05-21T19:05:00-05:00,417.7472857131527,57576.21,"{""coal"": 7024.43, ""gas"": 30852.17, ""hydro"": 197.08, ""nuclear"": 3850.65, ""solar"": 6851.67, ""unknown"": 49.9, ""wind"": 8750.31}"
US-TEX-ERCO,2026-05-21T19:10:00-05:00,421.07595864717075,57199.82000000001,"{""coal"": 6961.87, ""gas"": 31084.65, ""hydro"": 197.23, ""nuclear"": 3849.8, ""solar"": 6197.95, ""unknown"": 49.7, ""wind"": 8858.62}"
US-TEX-ERCO,2026-05-21T19:15:00-05:00,426.99999404786064,56775.67,"{""coal"": 6996.4, ""gas"": 31348.4, ""hydro"": 192.88, ""nuclear"": 3850.96, ""solar"": 5643.77, ""unknown"": 49.6, ""wind"": 8693.66}"
US-TEX-ERCO,2026-05-21T19:20:00-05:00,429.6058825802545,56773.92,"{""coal"": 7022.1, ""gas"": 31594.93, ""hydro"": 190.91, ""nuclear"": 3851.25, ""solar"": 5301.57, ""unknown"": 49.7, ""wind"": 8763.46}"
US-TEX-ERCO,2026-05-21T19:25:00-05:00,437.545820708282,56073.149999999994,"{""coal"": 7101.97, ""gas"": 31746.56, ""hydro"": 198.25, ""nuclear"": 3849.26, ""solar"": 4407.56, ""unknown"": 49.7, ""wind"": 8719.85}"
US-TEX-ERCO,2026-05-21T19:30:00-05:00,442.9462401579369,55671.22,"{""coal"": 7110.53, ""gas"": 32002.66, ""hydro"": 197.1, ""nuclear"": 3852.78, ""solar"": 3807.51, ""unknown"": 49.8, ""wind"": 8650.84}"
US-TEX-ERCO,2026-05-21T19:35:00-05:00,450.84059189097286,55111.79,"{""coal"": 7151.22, ""gas"": 32319.63, ""hydro"": 198.06, ""nuclear"": 3851.73, ""solar"": 3062.69, ""unknown"": 50.0, ""wind"": 8478.46}"
US-TEX-ERCO,2026-05-21T19:40:00-05:00,457.49361779614424,54585.520000000004,"{""coal"": 7181.5, ""gas"": 32529.63, ""hydro"": 198.16, ""nuclear"": 3850.18, ""solar"": 2565.02, ""unknown"": 50.0, ""wind"": 8211.03}"
US-TEX-ERCO,2026-05-21T19:45:00-05:00,463.9029010361663,54026.47000000001,"{""coal"": 7201.08, ""gas"": 32696.53, ""hydro"": 198.17, ""nuclear"": 3850.3, ""solar"": 1967.94, ""unknown"": 49.9, ""wind"": 8062.55}"
US-TEX-ERCO,2026-05-21T19:50:00-05:00,470.1360983983528,53545.51000000001,"{""coal"": 7207.85, ""gas"": 32925.66, ""hydro"": 198.15, ""nuclear"": 3849.72, ""solar"": 1529.79, ""unknown"": 49.8, ""wind"": 7784.54}"
US-TEX-ERCO,2026-05-21T19:55:00-05:00,474.6905034736255,53204.69,"{""coal"": 7204.16, ""gas"": 33115.84, ""hydro"": 198.06, ""nuclear"": 3850.9, ""solar"": 1159.43, ""unknown"": 49.8, ""wind"": 7626.5}"
US-TEX-ERCO,2026-05-21T20:00:00-05:00,477.39025008247296,52967.350000000006,"{""coal"": 7200.26, ""gas"": 33199.05, ""hydro"": 194.1, ""nuclear"": 3852.54, ""solar"": 859.21, ""unknown"": 49.8, ""wind"": 7612.39}"
US-TEX-ERCO,2026-05-21T20:05:00-05:00,481.5084224949238,52558.06,"{""coal"": 7220.02, ""gas"": 33214.21, ""hydro"": 198.14, ""nuclear"": 3851.33, ""solar"": 585.18, ""unknown"": 49.7, ""wind"": 7439.48}"
US-TEX-ERCO,2026-05-21T20:10:00-05:00,484.0299748304507,52320.13,"{""coal"": 7210.02, ""gas"": 33283.17, ""hydro"": 194.02, ""nuclear"": 3850.6, ""solar"": 351.07, ""unknown"": 49.7, ""wind"": 7381.55}"
US-TEX-ERCO,2026-05-21T20:15:00-05:00,485.49594411039294,52094.89999999999,"{""coal"": 7200.81, ""gas"": 33246.77, ""hydro"": 197.13, ""nuclear"": 3849.53, ""solar"": 219.06, ""unknown"": 50.0, ""wind"": 7331.6}"
US-TEX-ERCO,2026-05-21T20:20:00-05:00,486.38164508602136,52000.469999999994,"{""coal"": 7175.21, ""gas"": 33308.45, ""hydro"": 198.17, ""nuclear"": 3851.62, ""solar"": 135.42, ""unknown"": 50.0, ""wind"": 7281.6}"
US-TEX-ERCO,2026-05-21T20:25:00-05:00,486.46951477566336,52016.020000000004,"{""coal"": 7181.79, ""gas"": 33319.48, ""hydro"": 190.95, ""nuclear"": 3851.41, ""solar"": 81.34, ""unknown"": 50.0, ""wind"": 7341.05}"
US-TEX-ERCO,2026-05-21T20:30:00-05:00,486.7180468074902,51951.74999999999,"{""coal"": 7193.1, ""gas"": 33260.74, ""hydro"": 193.92, ""nuclear"": 3849.82, ""solar"": 30.45, ""unknown"": 49.9, ""wind"": 7373.82}"
US-TEX-ERCO,2026-05-21T20:35:00-05:00,487.5293525317688,51843.979999999996,"{""coal"": 7198.15, ""gas"": 33231.1, ""hydro"": 198.11, ""nuclear"": 3848.67, ""solar"": 15.19, ""unknown"": 50.2, ""wind"": 7302.56}"
US-TEX-ERCO,2026-05-21T20:40:00-05:00,488.0566291558408,51805.7,"{""coal"": 7208.56, ""gas"": 33226.74, ""hydro"": 196.98, ""nuclear"": 3848.68, ""solar"": 8.75, ""unknown"": 49.9, ""wind"": 7266.09}"
US-TEX-ERCO,2026-05-21T20:45:00-05:00,487.56024127823326,51761.990000000005,"{""coal"": 7180.81, ""gas"": 33195.61, ""hydro"": 190.9, ""nuclear"": 3849.57, ""solar"": 3.73, ""unknown"": 50.0, ""wind"": 7291.37}"
US-TEX-ERCO,2026-05-21T20:50:00-05:00,486.2287994958931,51903.86,"{""coal"": 7190.62, ""gas"": 33170.86, ""hydro"": 193.97, ""nuclear"": 3849.95, ""solar"": 1.12, ""unknown"": 50.0, ""wind"": 7447.34}"
US-TEX-ERCO,2026-05-21T20:55:00-05:00,485.22188489492436,51993.560000000005,"{""coal"": 7186.83, ""gas"": 33160.22, ""hydro"": 195.98, ""nuclear"": 3852.11, ""solar"": 1.25, ""unknown"": 49.7, ""wind"": 7547.47}"
US-TEX-ERCO,2026-05-21T21:00:00-05:00,484.88131665662075,51507.23999999999,"{""coal"": 7148.09, ""gas"": 32751.0, ""hydro"": 190.88, ""nuclear"": 3848.89, ""solar"": 1.2, ""unknown"": 49.9, ""wind"": 7517.28}"
US-TEX-ERCO,2026-05-21T21:05:00-05:00,483.0127897080783,51472.39,"{""coal"": 7111.56, ""gas"": 32607.34, ""hydro"": 191.89, ""nuclear"": 3850.77, ""solar"": 1.42, ""unknown"": 49.8, ""wind"": 7659.61}"
US-TEX-ERCO,2026-05-21T21:10:00-05:00,482.22524624644694,51450.69,"{""coal"": 7093.54, ""gas"": 32545.92, ""hydro"": 191.98, ""nuclear"": 3848.76, ""solar"": 1.36, ""unknown"": 49.9, ""wind"": 7719.23}"
US-TEX-ERCO,2026-05-21T21:15:00-05:00,482.2535248662858,51334.450000000004,"{""coal"": 7069.32, ""gas"": 32493.14, ""hydro"": 197.15, ""nuclear"": 3850.65, ""solar"": 1.33, ""unknown"": 49.9, ""wind"": 7672.96}"
US-TEX-ERCO,2026-05-21T21:20:00-05:00,481.3522486836385,51244.38,"{""coal"": 7013.34, ""gas"": 32440.52, ""hydro"": 197.09, ""nuclear"": 3849.32, ""solar"": 1.27, ""unknown"": 49.9, ""wind"": 7692.94}"
US-TEX-ERCO,2026-05-21T21:25:00-05:00,481.3296971085327,51215.18,"{""coal"": 7002.58, ""gas"": 32434.5, ""hydro"": 199.17, ""nuclear"": 3849.26, ""solar"": 1.11, ""unknown"": 50.0, ""wind"": 7678.56}"
US-TEX-ERCO,2026-05-21T21:30:00-05:00,482.36182483171115,50954.55999999999,"{""coal"": 7015.13, ""gas"": 32267.17, ""hydro"": 195.03, ""nuclear"": 3849.63, ""solar"": 1.14, ""unknown"": 50.0, ""wind"": 7576.46}"
US-TEX-ERCO,2026-05-21T21:35:00-05:00,481.3893012003741,50910.72,"{""coal"": 6986.13, ""gas"": 32191.48, ""hydro"": 195.96, ""nuclear"": 3850.17, ""solar"": 1.41, ""unknown"": 50.0, ""wind"": 7635.57}"
US-TEX-ERCO,2026-05-21T21:40:00-05:00,481.4518276835713,50896.06,"{""coal"": 6986.43, ""gas"": 32183.55, ""hydro"": 195.8, ""nuclear"": 3852.05, ""solar"": 1.24, ""unknown"": 49.9, ""wind"": 7627.09}"
US-TEX-ERCO,2026-05-21T21:45:00-05:00,482.13204507535886,50901.740000000005,"{""coal"": 6989.91, ""gas"": 32250.03, ""hydro"": 198.16, ""nuclear"": 3847.6, ""solar"": 1.45, ""unknown"": 50.0, ""wind"": 7564.59}"
US-TEX-ERCO,2026-05-21T21:50:00-05:00,481.82266701394485,51059.38999999999,"{""coal"": 6978.47, ""gas"": 32392.02, ""hydro"": 199.27, ""nuclear"": 3850.32, ""solar"": 1.24, ""unknown"": 50.0, ""wind"": 7588.07}"
US-TEX-ERCO,2026-05-21T21:55:00-05:00,480.806506608185,51078.44,"{""coal"": 6913.81, ""gas"": 32450.24, ""hydro"": 192.81, ""nuclear"": 3850.36, ""solar"": 1.2, ""unknown"": 49.8, ""wind"": 7620.22}"
US-TEX-ERCO,2026-05-21T22:00:00-05:00,480.4631720646721,51433.64000000001,"{""coal"": 6935.29, ""gas"": 32701.72, ""hydro"": 129.96, ""nuclear"": 3850.18, ""solar"": 1.51, ""unknown"": 49.9, ""wind"": 7765.08}"
US-TEX-ERCO,2026-05-21T22:05:00-05:00,480.6394087847181,51555.329999999994,"{""coal"": 6983.88, ""gas"": 32725.89, ""hydro"": 130.18, ""nuclear"": 3850.06, ""solar"": 1.2, ""unknown"": 50.0, ""wind"": 7814.12}"
US-TEX-ERCO,2026-05-21T22:10:00-05:00,478.99801221502156,51747.11,"{""coal"": 7029.79, ""gas"": 32634.36, ""hydro"": 129.06, ""nuclear"": 3846.28, ""solar"": 0.15, ""unknown"": 50.0, ""wind"": 8057.47}"
US-TEX-ERCO,2026-05-21T22:15:00-05:00,477.58693487713674,52016.22,"{""coal"": 7063.22, ""gas"": 32665.24, ""hydro"": 131.05, ""nuclear"": 3848.11, ""solar"": 0.14, ""unknown"": 49.8, ""wind"": 8258.66}"
US-TEX-ERCO,2026-05-21T22:20:00-05:00,477.2779911415546,52217.810000000005,"{""coal"": 7110.39, ""gas"": 32715.96, ""hydro"": 129.16, ""nuclear"": 3851.5, ""solar"": 0.14, ""unknown"": 49.9, ""wind"": 8360.76}"
US-TEX-ERCO,2026-05-21T22:25:00-05:00,477.28818917236214,52135.28,"{""coal"": 7078.06, ""gas"": 32711.81, ""hydro"": 130.26, ""nuclear"": 3848.56, ""solar"": 0.14, ""unknown"": 50.0, ""wind"": 8316.45}"
US-TEX-ERCO,2026-05-21T22:30:00-05:00,475.37209686520794,52166.68,"{""coal"": 7029.28, ""gas"": 32649.69, ""hydro"": 130.08, ""nuclear"": 3850.74, ""solar"": 0.22, ""unknown"": 50.1, ""wind"": 8456.57}"
US-TEX-ERCO,2026-05-21T22:35:00-05:00,474.7549893147762,52062.78999999999,"{""coal"": 6979.45, ""gas"": 32600.09, ""hydro"": 127.95, ""nuclear"": 3851.04, ""solar"": 0.21, ""unknown"": 50.0, ""wind"": 8454.05}"
US-TEX-ERCO,2026-05-21T22:40:00-05:00,474.8564988149027,51899.42,"{""coal"": 6955.25, ""gas"": 32513.54, ""hydro"": 128.93, ""nuclear"": 3850.62, ""solar"": 0.14, ""unknown"": 49.7, ""wind"": 8401.24}"
US-TEX-ERCO,2026-05-21T22:45:00-05:00,474.369309345127,51577.48,"{""coal"": 6959.87, ""gas"": 32155.13, ""hydro"": 130.07, ""nuclear"": 3850.11, ""solar"": 0.14, ""unknown"": 49.8, ""wind"": 8432.36}"
US-TEX-ERCO,2026-05-21T22:50:00-05:00,473.5469141922494,51643.43000000001,"{""coal"": 6953.21, ""gas"": 32146.06, ""hydro"": 127.86, ""nuclear"": 3850.64, ""solar"": 0.14, ""unknown"": 49.9, ""wind"": 8515.62}"
US-TEX-ERCO,2026-05-21T22:55:00-05:00,472.68266788405316,51624.85,"{""coal"": 6937.71, ""gas"": 32074.3, ""hydro"": 127.89, ""nuclear"": 3850.67, ""solar"": 0.14, ""unknown"": 49.9, ""wind"": 8584.24}"
US-TEX-ERCO,2026-05-21T23:00:00-05:00,472.75212311805524,51664.060000000005,"{""coal"": 6983.7, ""gas"": 32015.66, ""hydro"": 123.91, ""nuclear"": 3851.82, ""solar"": 0.15, ""unknown"": 49.9, ""wind"": 8638.92}"
US-TEX-ERCO,2026-05-21T23:05:00-05:00,472.74632615074574,51653.3,"{""coal"": 7031.23, ""gas"": 31900.22, ""hydro"": 105.0, ""nuclear"": 3851.64, ""solar"": 0.15, ""unknown"": 49.9, ""wind"": 8715.16}"
US-TEX-ERCO,2026-05-21T23:10:00-05:00,472.7183480896582,51610.92,"{""coal"": 7069.71, ""gas"": 31772.96, ""hydro"": 105.0, ""nuclear"": 3849.95, ""solar"": 0.14, ""unknown"": 49.9, ""wind"": 8763.26}"
US-TEX-ERCO,2026-05-21T23:15:00-05:00,471.8348775757022,51524.1,"{""coal"": 7061.18, ""gas"": 31621.17, ""hydro"": 103.0, ""nuclear"": 3851.71, ""solar"": 0.15, ""unknown"": 49.9, ""wind"": 8836.99}"
US-TEX-ERCO,2026-05-21T23:20:00-05:00,471.08350372080093,51394.45,"{""coal"": 7051.72, ""gas"": 31445.81, ""hydro"": 103.0, ""nuclear"": 3851.97, ""solar"": 0.15, ""unknown"": 50.0, ""wind"": 8891.8}"
US-TEX-ERCO,2026-05-21T23:25:00-05:00,468.92580978403953,51171.37,"{""coal"": 6999.03, ""gas"": 31137.69, ""hydro"": 104.0, ""nuclear"": 3851.69, ""solar"": 0.14, ""unknown"": 50.0, ""wind"": 9028.82}"
US-TEX-ERCO,2026-05-21T23:30:00-05:00,467.5601338376945,50919.1,"{""coal"": 6956.88, ""gas"": 30862.18, ""hydro"": 104.0, ""nuclear"": 3852.21, ""solar"": 0.14, ""unknown"": 49.9, ""wind"": 9093.79}"
US-TEX-ERCO,2026-05-21T23:35:00-05:00,465.47642851430845,50610.17999999999,"{""coal"": 6881.48, ""gas"": 30538.01, ""hydro"": 104.0, ""nuclear"": 3852.12, ""solar"": 0.14, ""unknown"": 49.7, ""wind"": 9184.73}"
US-TEX-ERCO,2026-05-21T23:40:00-05:00,462.97055045979937,50492.26,"{""coal"": 6800.06, ""gas"": 30359.07, ""hydro"": 103.0, ""nuclear"": 3851.94, ""solar"": 0.21, ""unknown"": 49.9, ""wind"": 9328.08}"
US-TEX-ERCO,2026-05-21T23:45:00-05:00,462.5953944794339,50424.670000000006,"{""coal"": 6768.84, ""gas"": 30329.65, ""hydro"": 103.0, ""nuclear"": 3852.04, ""solar"": 0.14, ""unknown"": 49.9, ""wind"": 9321.1}"
US-TEX-ERCO,2026-05-21T23:50:00-05:00,462.6432180221966,50059.0,"{""coal"": 6707.16, ""gas"": 30141.95, ""hydro"": 104.0, ""nuclear"": 3851.93, ""solar"": 0.24, ""unknown"": 49.8, ""wind"": 9203.92}"
US-TEX-ERCO,2026-05-21T23:55:00-05:00,461.5111309483846,49847.28,"{""coal"": 6627.43, ""gas"": 30015.66, ""hydro"": 103.0, ""nuclear"": 3852.36, ""solar"": 0.15, ""unknown"": 49.7, ""wind"": 9198.98}"
US-TEX-ERCO,2026-05-22T00:00:00-05:00,458.1885879193482,49765.19,"{""coal"": 6565.41, ""gas"": 29749.65, ""hydro"": 92.0, ""nuclear"": 3851.85, ""solar"": 0.15, ""unknown"": 49.9, ""wind"": 9456.23}"
US-TEX-ERCO,2026-05-22T00:05:00-05:00,454.58489764193155,49722.75,"{""coal"": 6480.31, ""gas"": 29543.18, ""hydro"": 90.0, ""nuclear"": 3852.01, ""solar"": 0.18, ""unknown"": 49.9, ""wind"": 9707.17}"
US-TEX-ERCO,2026-05-22T00:10:00-05:00,452.42226395925115,49591.880000000005,"{""coal"": 6417.83, ""gas"": 29352.04, ""hydro"": 90.0, ""nuclear"": 3851.19, ""solar"": 0.2, ""unknown"": 49.9, ""wind"": 9830.72}"
US-TEX-ERCO,2026-05-22T00:15:00-05:00,449.7189007006858,49483.96,"{""coal"": 6297.46, ""gas"": 29257.0, ""hydro"": 91.0, ""nuclear"": 3852.71, ""solar"": 0.17, ""unknown"": 50.0, ""wind"": 9935.62}"
US-TEX-ERCO,2026-05-22T00:20:00-05:00,448.5331423802709,49389.09,"{""coal"": 6241.3, ""gas"": 29181.75, ""hydro"": 90.0, ""nuclear"": 3852.34, ""solar"": 0.31, ""unknown"": 50.0, ""wind"": 9973.39}"
US-TEX-ERCO,2026-05-22T00:25:00-05:00,446.67031388503386,49182.049999999996,"{""coal"": 6127.9, ""gas"": 29069.51, ""hydro"": 92.0, ""nuclear"": 3852.73, ""solar"": 0.18, ""unknown"": 50.2, ""wind"": 9989.53}"
US-TEX-ERCO,2026-05-22T00:30:00-05:00,445.50133679364086,48842.79000000001,"{""coal"": 6036.21, ""gas"": 28864.77, ""hydro"": 90.0, ""nuclear"": 3851.38, ""solar"": 0.22, ""unknown"": 49.8, ""wind"": 9950.41}"
US-TEX-ERCO,2026-05-22T00:35:00-05:00,443.0460656275842,48737.729999999996,"{""coal"": 5927.25, ""gas"": 28776.7, ""hydro"": 90.0, ""nuclear"": 3851.59, ""solar"": 0.17, ""unknown"": 49.8, ""wind"": 10042.22}"
US-TEX-ERCO,2026-05-22T00:40:00-05:00,441.0353911484095,48699.22,"{""coal"": 5869.47, ""gas"": 28676.22, ""hydro"": 90.0, ""nuclear"": 3849.78, ""solar"": 0.17, ""unknown"": 49.9, ""wind"": 10163.68}"
US-TEX-ERCO,2026-05-22T00:45:00-05:00,438.4680981774116,48598.579999999994,"{""coal"": 5744.16, ""gas"": 28619.1, ""hydro"": 90.0, ""nuclear"": 3850.13, ""solar"": 0.17, ""unknown"": 49.8, ""wind"": 10245.22}"
US-TEX-ERCO,2026-05-22T00:50:00-05:00,435.9878377469398,48354.24,"{""coal"": 5598.79, ""gas"": 28494.02, ""hydro"": 88.0, ""nuclear"": 3850.68, ""solar"": 0.2, ""unknown"": 49.8, ""wind"": 10272.75}"
US-TEX-ERCO,2026-05-22T00:55:00-05:00,434.11749761042955,48255.83000000001,"{""coal"": 5496.51, ""gas"": 28457.4, ""hydro"": 89.0, ""nuclear"": 3851.43, ""solar"": 0.16, ""unknown"": 49.8, ""wind"": 10311.53}"
US-TEX-ERCO,2026-05-22T01:00:00-05:00,433.67371906237474,48386.63,"{""coal"": 5514.3, ""gas"": 28485.2, ""hydro"": 90.0, ""nuclear"": 3852.33, ""solar"": 0.17, ""unknown"": 50.0, ""wind"": 10394.63}"
US-TEX-ERCO,2026-05-22T01:05:00-05:00,432.51236583238904,48304.78,"{""coal"": 5453.84, ""gas"": 28438.72, ""hydro"": 88.0, ""nuclear"": 3852.83, ""solar"": 0.18, ""unknown"": 49.8, ""wind"": 10421.41}"
US-TEX-ERCO,2026-05-22T01:10:00-05:00,428.01470297807253,48356.37,"{""coal"": 5318.32, ""gas"": 28348.56, ""hydro"": 89.0, ""nuclear"": 3851.58, ""solar"": 0.17, ""unknown"": 50.0, ""wind"": 10698.74}"
US-TEX-ERCO,2026-05-22T01:15:00-05:00,423.4433889201872,48457.87000000001,"{""coal"": 5202.12, ""gas"": 28249.17, ""hydro"": 88.0, ""nuclear"": 3851.65, ""solar"": 0.16, ""unknown"": 49.8, ""wind"": 11016.97}"
US-TEX-ERCO,2026-05-22T01:20:00-05:00,419.95071405862205,48549.060000000005,"{""coal"": 5151.78, ""gas"": 28097.59, ""hydro"": 89.0, ""nuclear"": 3851.62, ""solar"": 0.17, ""unknown"": 49.8, ""wind"": 11309.1}"
US-TEX-ERCO,2026-05-22T01:25:00-05:00,417.2117241121509,48502.83,"{""coal"": 5100.19, ""gas"": 27909.2, ""hydro"": 88.0, ""nuclear"": 3852.92, ""solar"": 0.22, ""unknown"": 49.9, ""wind"": 11502.4}"
US-TEX-ERCO,2026-05-22T01:30:00-05:00,415.9668848922837,48213.51000000001,"{""coal"": 5097.84, ""gas"": 27560.08, ""hydro"": 90.0, ""nuclear"": 3853.88, ""solar"": 0.16, ""unknown"": 50.0, ""wind"": 11561.55}"
US-TEX-ERCO,2026-05-22T01:35:00-05:00,415.91904063060275,47955.450000000004,"{""coal"": 5101.57, ""gas"": 27338.94, ""hydro"": 89.0, ""nuclear"": 3852.59, ""solar"": 0.16, ""unknown"": 49.9, ""wind"": 11523.29}"
US-TEX-ERCO,2026-05-22T01:40:00-05:00,415.67105292825363,47764.21000000001,"{""coal"": 5076.79, ""gas"": 27215.65, ""hydro"": 90.0, ""nuclear"": 3852.89, ""solar"": 0.16, ""unknown"": 50.0, ""wind"": 11478.72}"
US-TEX-ERCO,2026-05-22T01:45:00-05:00,416.3465963891006,47671.46000000001,"{""coal"": 5044.17, ""gas"": 27277.56, ""hydro"": 88.0, ""nuclear"": 3852.35, ""solar"": 0.25, ""unknown"": 49.9, ""wind"": 11359.23}"
US-TEX-ERCO,2026-05-22T01:50:00-05:00,416.33852195855957,47399.130000000005,"{""coal"": 5038.47, ""gas"": 27069.09, ""hydro"": 89.0, ""nuclear"": 3851.81, ""solar"": 0.17, ""unknown"": 50.0, ""wind"": 11300.59}"
US-TEX-ERCO,2026-05-22T01:55:00-05:00,416.16731493599485,47421.60999999999,"{""coal"": 5017.12, ""gas"": 27118.15, ""hydro"": 89.0, ""nuclear"": 3852.3, ""solar"": 0.17, ""unknown"": 50.2, ""wind"": 11294.67}"
US-TEX-ERCO,2026-05-22T02:00:00-05:00,415.3693667741968,47385.719999999994,"{""coal"": 4996.06, ""gas"": 27061.62, ""hydro"": 45.0, ""nuclear"": 3851.92, ""solar"": 3.38, ""unknown"": 50.1, ""wind"": 11377.64}"
US-TEX-ERCO,2026-05-22T02:05:00-05:00,414.87426126315415,47053.0,"{""coal"": 4984.36, ""gas"": 26772.94, ""hydro"": 46.0, ""nuclear"": 3849.73, ""solar"": 0.28, ""unknown"": 50.0, ""wind"": 11349.69}"
US-TEX-ERCO,2026-05-22T02:10:00-05:00,416.27011608309493,46877.24,"{""coal"": 5000.18, ""gas"": 26726.5, ""hydro"": 46.0, ""nuclear"": 3852.78, ""solar"": 0.18, ""unknown"": 50.2, ""wind"": 11201.4}"
US-TEX-ERCO,2026-05-22T02:15:00-05:00,418.29923842373864,46727.53999999999,"{""coal"": 5003.76, ""gas"": 26786.95, ""hydro"": 46.0, ""nuclear"": 3850.28, ""solar"": 0.24, ""unknown"": 50.0, ""wind"": 10990.31}"
US-TEX-ERCO,2026-05-22T02:20:00-05:00,419.7952834716756,46720.3,"{""coal"": 5007.98, ""gas"": 26911.13, ""hydro"": 46.0, ""nuclear"": 3850.33, ""solar"": 0.16, ""unknown"": 50.0, ""wind"": 10854.7}"
US-TEX-ERCO,2026-05-22T02:25:00-05:00,420.0180051433361,46667.229999999996,"{""coal"": 4988.99, ""gas"": 26931.01, ""hydro"": 45.0, ""nuclear"": 3849.84, ""solar"": 0.17, ""unknown"": 49.8, ""wind"": 10802.42}"
US-TEX-ERCO,2026-05-22T02:30:00-05:00,420.94711106972335,46776.799999999996,"{""coal"": 5019.99, ""gas"": 27038.28, ""hydro"": 47.0, ""nuclear"": 3850.56, ""solar"": 0.24, ""unknown"": 49.8, ""wind"": 10770.93}"
US-TEX-ERCO,2026-05-22T02:35:00-05:00,420.064433275862,47003.78,"{""coal"": 4988.18, ""gas"": 27211.2, ""hydro"": 46.0, ""nuclear"": 3849.21, ""solar"": 3.64, ""unknown"": 50.1, ""wind"": 10855.45}"
US-TEX-ERCO,2026-05-22T02:40:00-05:00,418.6859826527749,46868.08,"{""coal"": 4983.0, ""gas"": 26983.47, ""hydro"": 46.0, ""nuclear"": 3850.68, ""solar"": 0.17, ""unknown"": 49.9, ""wind"": 10954.86}"
US-TEX-ERCO,2026-05-22T02:45:00-05:00,417.69309468240175,46836.05,"{""coal"": 4983.02, ""gas"": 26864.67, ""hydro"": 44.0, ""nuclear"": 3850.99, ""solar"": 0.21, ""unknown"": 49.9, ""wind"": 11043.26}"
US-TEX-ERCO,2026-05-22T02:50:00-05:00,417.0119449367966,46598.020000000004,"{""coal"": 4978.63, ""gas"": 26617.81, ""hydro"": 46.0, ""nuclear"": 3849.22, ""solar"": 0.34, ""unknown"": 50.0, ""wind"": 11056.02}"
US-TEX-ERCO,2026-05-22T02:55:00-05:00,417.2310734583729,46381.270000000004,"{""coal"": 4972.45, ""gas"": 26476.41, ""hydro"": 45.0, ""nuclear"": 3852.42, ""solar"": 0.3, ""unknown"": 49.9, ""wind"": 10984.79}"
US-TEX-ERCO,2026-05-22T03:00:00-05:00,415.82364214463746,46092.229999999996,"{""coal"": 4951.89, ""gas"": 26158.25, ""hydro"": 46.0, ""nuclear"": 3849.69, ""solar"": 0.17, ""unknown"": 50.0, ""wind"": 11036.23}"
US-TEX-ERCO,2026-05-22T03:05:00-05:00,415.79836113197086,45969.020000000004,"{""coal"": 4972.59, ""gas"": 26010.55, ""hydro"": 45.0, ""nuclear"": 3849.47, ""solar"": 0.29, ""unknown"": 50.0, ""wind"": 11041.12}"
US-TEX-ERCO,2026-05-22T03:10:00-05:00,415.6131864312429,45901.79,"{""coal"": 4959.36, ""gas"": 25968.93, ""hydro"": 45.0, ""nuclear"": 3849.63, ""solar"": 0.29, ""unknown"": 49.8, ""wind"": 11028.78}"
US-TEX-ERCO,2026-05-22T03:15:00-05:00,415.37255200404036,46257.719999999994,"{""coal"": 4957.37, ""gas"": 26238.26, ""hydro"": 45.0, ""nuclear"": 3854.27, ""solar"": 0.17, ""unknown"": 49.9, ""wind"": 11112.75}"
US-TEX-ERCO,2026-05-22T03:20:00-05:00,415.6429365634471,46194.38000000001,"{""coal"": 4976.85, ""gas"": 26169.02, ""hydro"": 45.0, ""nuclear"": 3851.68, ""solar"": 0.16, ""unknown"": 49.8, ""wind"": 11101.87}"
US-TEX-ERCO,2026-05-22T03:25:00-05:00,416.09301811203215,45879.5,"{""coal"": 4983.47, ""gas"": 25941.51, ""hydro"": 45.0, ""nuclear"": 3852.98, ""solar"": 0.16, ""unknown"": 49.7, ""wind"": 11006.68}"
US-TEX-ERCO,2026-05-22T03:30:00-05:00,417.32025261491714,45592.61,"{""coal"": 4956.71, ""gas"": 25880.38, ""hydro"": 45.0, ""nuclear"": 3852.59, ""solar"": 0.23, ""unknown"": 49.9, ""wind"": 10807.8}"
US-TEX-ERCO,2026-05-22T03:35:00-05:00,418.2442515938653,45385.700000000004,"{""coal"": 4914.51, ""gas"": 25890.21, ""hydro"": 45.0, ""nuclear"": 3853.05, ""solar"": 0.16, ""unknown"": 49.7, ""wind"": 10633.07}"
US-TEX-ERCO,2026-05-22T03:40:00-05:00,419.73673584933715,45322.490000000005,"{""coal"": 4941.94, ""gas"": 25912.84, ""hydro"": 44.0, ""nuclear"": 3851.87, ""solar"": 0.16, ""unknown"": 49.8, ""wind"": 10521.88}"
US-TEX-ERCO,2026-05-22T03:45:00-05:00,420.5509145342275,45238.670000000006,"{""coal"": 4940.17, ""gas"": 25921.87, ""hydro"": 45.0, ""nuclear"": 3852.22, ""solar"": 0.15, ""unknown"": 49.8, ""wind"": 10429.46}"
US-TEX-ERCO,2026-05-22T03:50:00-05:00,422.4610548471909,45042.41,"{""coal"": 4948.51, ""gas"": 25914.52, ""hydro"": 45.0, ""nuclear"": 3851.54, ""solar"": 0.26, ""unknown"": 49.9, ""wind"": 10232.68}"
US-TEX-ERCO,2026-05-22T03:55:00-05:00,425.6693358940336,44720.530000000006,"{""coal"": 4957.97, ""gas"": 25915.55, ""hydro"": 45.0, ""nuclear"": 3852.34, ""solar"": 0.16, ""unknown"": 49.9, ""wind"": 9899.61}"
US-TEX-ERCO,2026-05-22T04:00:00-05:00,428.9085487218687,44590.829999999994,"{""coal"": 4999.76, ""gas"": 26003.69, ""hydro"": 45.0, ""nuclear"": 3852.14, ""solar"": 0.17, ""unknown"": 49.9, ""wind"": 9640.17}"
US-TEX-ERCO,2026-05-22T04:05:00-05:00,431.1779573118293,44686.01999999999,"{""coal"": 5001.66, ""gas"": 26281.41, ""hydro"": 44.0, ""nuclear"": 3851.77, ""solar"": 0.17, ""unknown"": 49.7, ""wind"": 9457.31}"
US-TEX-ERCO,2026-05-22T04:10:00-05:00,433.51645207159737,45295.350000000006,"{""coal"": 5028.49, ""gas"": 26943.6, ""hydro"": 44.0, ""nuclear"": 3852.48, ""solar"": 0.18, ""unknown"": 49.9, ""wind"": 9376.7}"
US-TEX-ERCO,2026-05-22T04:15:00-05:00,435.94814416436986,45614.08,"{""coal"": 5042.56, ""gas"": 27402.1, ""hydro"": 45.0, ""nuclear"": 3852.71, ""solar"": 0.16, ""unknown"": 50.0, ""wind"": 9221.55}"
US-TEX-ERCO,2026-05-22T04:20:00-05:00,438.3756338119116,45689.28,"{""coal"": 5057.25, ""gas"": 27654.49, ""hydro"": 45.0, ""nuclear"": 3852.85, ""solar"": 0.17, ""unknown"": 50.0, ""wind"": 9029.52}"
US-TEX-ERCO,2026-05-22T04:25:00-05:00,440.8778117046313,45772.68,"{""coal"": 5108.33, ""gas"": 27840.74, ""hydro"": 45.0, ""nuclear"": 3854.69, ""solar"": 0.18, ""unknown"": 50.0, ""wind"": 8873.74}"
US-TEX-ERCO,2026-05-22T04:30:00-05:00,443.2509260744535,45908.89,"{""coal"": 5181.56, ""gas"": 28012.43, ""hydro"": 45.0, ""nuclear"": 3852.28, ""solar"": 0.17, ""unknown"": 50.0, ""wind"": 8767.45}"
US-TEX-ERCO,2026-05-22T04:35:00-05:00,444.36014034267566,46049.66,"{""coal"": 5229.98, ""gas"": 28128.29, ""hydro"": 45.0, ""nuclear"": 3853.12, ""solar"": 0.18, ""unknown"": 50.0, ""wind"": 8743.09}"
US-TEX-ERCO,2026-05-22T04:40:00-05:00,445.9638768691445,45983.869999999995,"{""coal"": 5283.02, ""gas"": 28101.04, ""hydro"": 44.0, ""nuclear"": 3852.85, ""solar"": 0.17, ""unknown"": 49.9, ""wind"": 8652.89}"
US-TEX-ERCO,2026-05-22T04:45:00-05:00,447.7115858961225,45910.310000000005,"{""coal"": 5308.49, ""gas"": 28140.91, ""hydro"": 44.0, ""nuclear"": 3853.69, ""solar"": 0.17, ""unknown"": 49.8, ""wind"": 8513.25}"
US-TEX-ERCO,2026-05-22T04:50:00-05:00,449.15541626990847,45890.54,"{""coal"": 5347.85, ""gas"": 28168.25, ""hydro"": 45.0, ""nuclear"": 3853.42, ""solar"": 0.19, ""unknown"": 50.0, ""wind"": 8425.83}"
US-TEX-ERCO,2026-05-22T04:55:00-05:00,451.23514989098805,46010.060000000005,"{""coal"": 5448.62, ""gas"": 28240.34, ""hydro"": 45.0, ""nuclear"": 3852.55, ""solar"": 0.29, ""unknown"": 49.8, ""wind"": 8373.46}"
US-TEX-ERCO,2026-05-22T05:00:00-05:00,449.2688268945197,45291.29,"{""coal"": 5365.02, ""gas"": 27616.81, ""hydro"": 45.0, ""nuclear"": 3855.0, ""solar"": 0.28, ""unknown"": 49.9, ""wind"": 8359.28}"
US-TEX-ERCO,2026-05-22T05:05:00-05:00,450.9122850551923,45630.7,"{""coal"": 5373.09, ""gas"": 28045.22, ""hydro"": 45.0, ""nuclear"": 3851.52, ""solar"": 0.22, ""unknown"": 49.9, ""wind"": 8265.75}"
US-TEX-ERCO,2026-05-22T05:10:00-05:00,454.52930743294246,45528.05,"{""coal"": 5451.46, ""gas"": 28109.93, ""hydro"": 45.0, ""nuclear"": 3853.72, ""solar"": 0.18, ""unknown"": 49.8, ""wind"": 8017.96}"
US-TEX-ERCO,2026-05-22T05:15:00-05:00,459.2345899716664,45703.56,"{""coal"": 5560.16, ""gas"": 28452.77, ""hydro"": 45.0, ""nuclear"": 3853.66, ""solar"": 0.62, ""unknown"": 50.0, ""wind"": 7741.35}"
US-TEX-ERCO,2026-05-22T05:20:00-05:00,461.6169033807895,45748.11,"{""coal"": 5647.97, ""gas"": 28515.38, ""hydro"": 45.0, ""nuclear"": 3854.15, ""solar"": 0.15, ""unknown"": 49.9, ""wind"": 7635.56}"
US-TEX-ERCO,2026-05-22T05:25:00-05:00,463.2294517836254,45847.14,"{""coal"": 5738.04, ""gas"": 28552.41, ""hydro"": 43.0, ""nuclear"": 3853.55, ""solar"": 0.17, ""unknown"": 49.7, ""wind"": 7610.27}"
US-TEX-ERCO,2026-05-22T05:30:00-05:00,464.1011296558145,46093.77,"{""coal"": 5831.79, ""gas"": 28646.81, ""hydro"": 43.0, ""nuclear"": 3855.11, ""solar"": 0.17, ""unknown"": 49.9, ""wind"": 7666.99}"
US-TEX-ERCO,2026-05-22T05:35:00-05:00,463.7708905283733,46441.01,"{""coal"": 5933.69, ""gas"": 28704.15, ""hydro"": 44.0, ""nuclear"": 3852.68, ""solar"": 0.2, ""unknown"": 49.8, ""wind"": 7856.49}"
US-TEX-ERCO,2026-05-22T05:40:00-05:00,463.3565037977575,46729.130000000005,"{""coal"": 6021.87, ""gas"": 28730.15, ""hydro"": 44.0, ""nuclear"": 3853.42, ""solar"": 0.17, ""unknown"": 49.8, ""wind"": 8029.72}"
US-TEX-ERCO,2026-05-22T05:45:00-05:00,460.44281616654655,46790.12,"{""coal"": 6007.74, ""gas"": 28544.33, ""hydro"": 43.0, ""nuclear"": 3855.73, ""solar"": 0.17, ""unknown"": 50.0, ""wind"": 8289.15}"
US-TEX-ERCO,2026-05-22T05:50:00-05:00,457.1630341147827,46489.880000000005,"{""coal"": 5875.9, ""gas"": 28264.14, ""hydro"": 43.0, ""nuclear"": 3853.04, ""solar"": 0.18, ""unknown"": 49.5, ""wind"": 8404.12}"
US-TEX-ERCO,2026-05-22T05:55:00-05:00,451.99365411610495,46328.02,"{""coal"": 5738.57, ""gas"": 27946.55, ""hydro"": 44.0, ""nuclear"": 3855.13, ""solar"": 0.18, ""unknown"": 49.8, ""wind"": 8693.79}"
US-TEX-ERCO,2026-05-22T06:00:00-05:00,448.8399892339527,45483.78999999999,"{""coal"": 5625.29, ""gas"": 27168.77, ""hydro"": 45.0, ""nuclear"": 3853.85, ""solar"": 0.17, ""unknown"": 50.0, ""wind"": 8740.71}"
US-TEX-ERCO,2026-05-22T06:05:00-05:00,447.3937074619481,45574.590000000004,"{""coal"": 5554.2, ""gas"": 27274.41, ""hydro"": 45.0, ""nuclear"": 3853.96, ""solar"": 0.18, ""unknown"": 49.9, ""wind"": 8796.94}"
US-TEX-ERCO,2026-05-22T06:10:00-05:00,446.20981739065445,45901.91,"{""coal"": 5506.81, ""gas"": 27556.21, ""hydro"": 44.0, ""nuclear"": 3854.11, ""solar"": 0.19, ""unknown"": 49.8, ""wind"": 8890.79}"
US-TEX-ERCO,2026-05-22T06:15:00-05:00,444.5639974631511,46261.83,"{""coal"": 5468.11, ""gas"": 27802.62, ""hydro"": 44.0, ""nuclear"": 3856.14, ""solar"": 0.19, ""unknown"": 49.8, ""wind"": 9040.97}"
US-TEX-ERCO,2026-05-22T06:20:00-05:00,443.5656625488778,46258.09,"{""coal"": 5426.83, ""gas"": 27798.86, ""hydro"": 45.0, ""nuclear"": 3853.78, ""solar"": 3.12, ""unknown"": 49.7, ""wind"": 9080.8}"
US-TEX-ERCO,2026-05-22T06:25:00-05:00,442.02299219680333,46137.95,"{""coal"": 5411.91, ""gas"": 27586.04, ""hydro"": 44.0, ""nuclear"": 3855.69, ""solar"": 13.47, ""unknown"": 49.7, ""wind"": 9177.14}"
US-TEX-ERCO,2026-05-22T06:30:00-05:00,440.4152773494432,46236.83,"{""coal"": 5329.08, ""gas"": 27705.78, ""hydro"": 43.0, ""nuclear"": 3854.79, ""solar"": 39.0, ""unknown"": 49.7, ""wind"": 9215.48}"
US-TEX-ERCO,2026-05-22T06:35:00-05:00,439.59105211213887,46430.840000000004,"{""coal"": 5300.79, ""gas"": 27856.42, ""hydro"": 43.0, ""nuclear"": 3853.32, ""solar"": 101.39, ""unknown"": 49.8, ""wind"": 9226.12}"
US-TEX-ERCO,2026-05-22T06:40:00-05:00,438.63026751124386,46319.2,"{""coal"": 5302.01, ""gas"": 27665.49, ""hydro"": 45.0, ""nuclear"": 3854.1, ""solar"": 232.65, ""unknown"": 49.9, ""wind"": 9170.05}"
US-TEX-ERCO,2026-05-22T06:45:00-05:00,437.7891531894148,46345.53,"{""coal"": 5302.17, ""gas"": 27605.09, ""hydro"": 45.0, ""nuclear"": 3854.43, ""solar"": 409.81, ""unknown"": 49.6, ""wind"": 9079.43}"
US-TEX-ERCO,2026-05-22T06:50:00-05:00,435.4827354431079,46487.06,"{""coal"": 5270.94, ""gas"": 27574.13, ""hydro"": 45.0, ""nuclear"": 3854.05, ""solar"": 640.25, ""unknown"": 49.7, ""wind"": 9052.99}"
US-TEX-ERCO,2026-05-22T06:55:00-05:00,433.9585049588605,46879.619999999995,"{""coal"": 5266.84, ""gas"": 27765.06, ""hydro"": 44.0, ""nuclear"": 3855.0, ""solar"": 921.09, ""unknown"": 49.6, ""wind"": 8978.03}"
US-TEX-ERCO,2026-05-22T07:00:00-05:00,430.6317897476625,47489.00000000001,"{""coal"": 5294.55, ""gas"": 27889.97, ""hydro"": 46.0, ""nuclear"": 3853.23, ""solar"": 1338.56, ""unknown"": 49.9, ""wind"": 9016.79}"
US-TEX-ERCO,2026-05-22T07:05:00-05:00,426.0094270297856,48201.09,"{""coal"": 5326.45, ""gas"": 27952.69, ""hydro"": 45.0, ""nuclear"": 3854.11, ""solar"": 1976.65, ""unknown"": 49.6, ""wind"": 8996.59}"
US-TEX-ERCO,2026-05-22T07:10:00-05:00,419.5365249902649,48296.52,"{""coal"": 5293.23, ""gas"": 27460.34, ""hydro"": 46.0, ""nuclear"": 3854.41, ""solar"": 2703.03, ""unknown"": 49.8, ""wind"": 8889.71}"
US-TEX-ERCO,2026-05-22T07:15:00-05:00,411.1633835395719,48109.48000000001,"{""coal"": 5252.97, ""gas"": 26571.02, ""hydro"": 46.0, ""nuclear"": 3855.14, ""solar"": 3472.48, ""unknown"": 50.0, ""wind"": 8861.87}"
US-TEX-ERCO,2026-05-22T07:20:00-05:00,404.6341264305273,48399.56,"{""coal"": 5228.86, ""gas"": 26201.64, ""hydro"": 45.0, ""nuclear"": 3853.3, ""solar"": 4299.38, ""unknown"": 50.0, ""wind"": 8721.38}"
US-TEX-ERCO,2026-05-22T07:25:00-05:00,398.16621343325323,48637.24,"{""coal"": 5198.02, ""gas"": 25807.44, ""hydro"": 47.0, ""nuclear"": 3853.7, ""solar"": 5048.58, ""unknown"": 49.9, ""wind"": 8632.6}"
US-TEX-ERCO,2026-05-22T07:30:00-05:00,390.19118367225497,48713.61,"{""coal"": 5165.61, ""gas"": 25138.29, ""hydro"": 47.0, ""nuclear"": 3854.53, ""solar"": 5910.22, ""unknown"": 49.9, ""wind"": 8548.06}"
US-TEX-ERCO,2026-05-22T07:35:00-05:00,380.9358635056585,49100.29000000001,"{""coal"": 5072.86, ""gas"": 24698.49, ""hydro"": 45.0, ""nuclear"": 3853.78, ""solar"": 6994.78, ""unknown"": 49.9, ""wind"": 8385.48}"
US-TEX-ERCO,2026-05-22T07:40:00-05:00,370.69020557025635,49636.51999999999,"{""coal"": 5006.6, ""gas"": 24191.28, ""hydro"": 47.0, ""nuclear"": 3855.07, ""solar"": 8219.59, ""unknown"": 49.7, ""wind"": 8267.28}"
US-TEX-ERCO,2026-05-22T07:45:00-05:00,360.4657621783509,49924.13,"{""coal"": 4945.92, ""gas"": 23478.69, ""hydro"": 45.0, ""nuclear"": 3856.0, ""solar"": 9435.19, ""unknown"": 49.7, ""wind"": 8113.63}"
US-TEX-ERCO,2026-05-22T07:50:00-05:00,349.3557522658894,50125.74,"{""coal"": 4822.29, ""gas"": 22744.26, ""hydro"": 46.0, ""nuclear"": 3854.52, ""solar"": 10751.15, ""unknown"": 49.7, ""wind"": 7857.82}"
US-TEX-ERCO,2026-05-22T07:55:00-05:00,340.04242121251247,50413.68,"{""coal"": 4688.28, ""gas"": 22265.13, ""hydro"": 47.0, ""nuclear"": 3854.81, ""solar"": 11918.48, ""unknown"": 49.8, ""wind"": 7590.18}"
US-TEX-ERCO,2026-05-22T08:00:00-05:00,333.8379028519799,50319.92999999999,"{""coal"": 4617.64, ""gas"": 21715.51, ""hydro"": 47.0, ""nuclear"": 3854.83, ""solar"": 12669.45, ""unknown"": 49.9, ""wind"": 7365.6}"
US-TEX-ERCO,2026-05-22T08:05:00-05:00,330.0413410563535,50393.65,"{""coal"": 4564.7, ""gas"": 21482.72, ""hydro"": 47.0, ""nuclear"": 3855.66, ""solar"": 13216.03, ""unknown"": 50.0, ""wind"": 7177.54}"
US-TEX-ERCO,2026-05-22T08:10:00-05:00,324.74185843303025,51356.50000000001,"{""coal"": 4456.0, ""gas"": 21765.28, ""hydro"": 45.0, ""nuclear"": 3854.82, ""solar"": 14202.7, ""unknown"": 49.8, ""wind"": 6982.9}"
US-TEX-ERCO,2026-05-22T08:15:00-05:00,317.297876631704,51509.81,"{""coal"": 4353.14, ""gas"": 21298.34, ""hydro"": 45.0, ""nuclear"": 3854.24, ""solar"": 15092.68, ""unknown"": 50.0, ""wind"": 6816.41}"
US-TEX-ERCO,2026-05-22T08:20:00-05:00,309.94363614863073,52366.31,"{""coal"": 4272.73, ""gas"": 21196.43, ""hydro"": 45.0, ""nuclear"": 3856.9, ""solar"": 16311.87, ""unknown"": 49.9, ""wind"": 6633.48}"
US-TEX-ERCO,2026-05-22T08:25:00-05:00,306.4982969769965,53163.99999999999,"{""coal"": 4236.22, ""gas"": 21364.6, ""hydro"": 47.0, ""nuclear"": 3854.92, ""solar"": 17099.02, ""unknown"": 50.0, ""wind"": 6512.24}"
US-TEX-ERCO,2026-05-22T08:30:00-05:00,300.5303310358714,53470.5,"{""coal"": 4184.92, ""gas"": 20998.33, ""hydro"": 45.0, ""nuclear"": 3854.79, ""solar"": 17945.59, ""unknown"": 49.7, ""wind"": 6392.17}"
US-TEX-ERCO,2026-05-22T08:35:00-05:00,298.7361752429133,53439.520000000004,"{""coal"": 4172.95, ""gas"": 20807.43, ""hydro"": 45.0, ""nuclear"": 3855.7, ""solar"": 18221.44, ""unknown"": 49.9, ""wind"": 6287.1}"
US-TEX-ERCO,2026-05-22T08:40:00-05:00,297.3266103214051,53754.55,"{""coal"": 4159.96, ""gas"": 20853.98, ""hydro"": 45.0, ""nuclear"": 3854.92, ""solar"": 18640.69, ""unknown"": 49.7, ""wind"": 6150.3}"
US-TEX-ERCO,2026-05-22T08:45:00-05:00,294.2837203048626,54522.8,"{""coal"": 4152.29, ""gas"": 20955.09, ""hydro"": 46.0, ""nuclear"": 3856.95, ""solar"": 19454.91, ""unknown"": 49.7, ""wind"": 6007.86}"
US-TEX-ERCO,2026-05-22T08:50:00-05:00,288.22052086058244,54990.51,"{""coal"": 4121.9, ""gas"": 20593.04, ""hydro"": 46.0, ""nuclear"": 3855.15, ""solar"": 20439.71, ""unknown"": 49.7, ""wind"": 5885.01}"
US-TEX-ERCO,2026-05-22T08:55:00-05:00,282.63687707726217,54866.12,"{""coal"": 4080.09, ""gas"": 19989.39, ""hydro"": 46.0, ""nuclear"": 3855.0, ""solar"": 20997.7, ""unknown"": 49.9, ""wind"": 5848.04}"
US-TEX-ERCO,2026-05-22T09:00:00-05:00,279.40844835452504,55668.579999999994,"{""coal"": 4052.49, ""gas"": 20103.17, ""hydro"": 46.0, ""nuclear"": 3855.48, ""solar"": 21822.48, ""unknown"": 49.7, ""wind"": 5739.26}"
US-TEX-ERCO,2026-05-22T09:05:00-05:00,274.58251128434466,55909.32,"{""coal"": 4018.46, ""gas"": 19746.99, ""hydro"": 46.0, ""nuclear"": 3854.41, ""solar"": 22590.13, ""unknown"": 49.7, ""wind"": 5603.63}"
US-TEX-ERCO,2026-05-22T09:10:00-05:00,270.0577802260837,56161.630000000005,"{""coal"": 4002.64, ""gas"": 19388.04, ""hydro"": 46.0, ""nuclear"": 3855.12, ""solar"": 23265.69, ""unknown"": 49.8, ""wind"": 5554.34}"
US-TEX-ERCO,2026-05-22T09:15:00-05:00,266.7006833938494,56712.770000000004,"{""coal"": 4010.2, ""gas"": 19254.07, ""hydro"": 47.0, ""nuclear"": 3857.1, ""solar"": 24027.94, ""unknown"": 49.8, ""wind"": 5466.66}"
US-TEX-ERCO,2026-05-22T09:20:00-05:00,264.35296191263205,57210.479999999996,"{""coal"": 4022.4, ""gas"": 19194.37, ""hydro"": 46.0, ""nuclear"": 3855.18, ""solar"": 24657.47, ""unknown"": 50.0, ""wind"": 5385.06}"
US-TEX-ERCO,2026-05-22T09:25:00-05:00,260.53141927874134,57459.83,"{""coal"": 4020.68, ""gas"": 18869.2, ""hydro"": 47.0, ""nuclear"": 3853.9, ""solar"": 25244.89, ""unknown"": 49.9, ""wind"": 5374.26}"
US-TEX-ERCO,2026-05-22T09:30:00-05:00,260.23014564605154,57313.49,"{""coal"": 3994.9, ""gas"": 18820.66, ""hydro"": 47.0, ""nuclear"": 3854.51, ""solar"": 25195.99, ""unknown"": 49.8, ""wind"": 5350.63}"
US-TEX-ERCO,2026-05-22T09:35:00-05:00,258.8515695835714,57707.7,"{""coal"": 3991.76, ""gas"": 18852.25, ""hydro"": 47.0, ""nuclear"": 3856.21, ""solar"": 25635.46, ""unknown"": 49.7, ""wind"": 5275.32}"
US-TEX-ERCO,2026-05-22T09:40:00-05:00,254.97263650423488,58496.590000000004,"{""coal"": 3987.33, ""gas"": 18774.78, ""hydro"": 47.0, ""nuclear"": 3855.62, ""solar"": 26479.24, ""unknown"": 49.8, ""wind"": 5302.82}"
US-TEX-ERCO,2026-05-22T09:45:00-05:00,252.30226783245405,59101.77,"{""coal"": 3981.42, ""gas"": 18750.51, ""hydro"": 47.0, ""nuclear"": 3855.37, ""solar"": 27056.32, ""unknown"": 50.0, ""wind"": 5361.15}"
US-TEX-ERCO,2026-05-22T09:50:00-05:00,251.2284123301631,59120.0,"{""coal"": 3957.26, ""gas"": 18682.27, ""hydro"": 47.0, ""nuclear"": 3856.57, ""solar"": 27192.45, ""unknown"": 50.0, ""wind"": 5334.45}"
US-TEX-ERCO,2026-05-22T09:55:00-05:00,253.74519681971782,58626.490000000005,"{""coal"": 3941.07, ""gas"": 18791.74, ""hydro"": 47.0, ""nuclear"": 3854.56, ""solar"": 26657.38, ""unknown"": 49.9, ""wind"": 5284.84}"
US-TEX-ERCO,2026-05-22T10:00:00-05:00,253.94186380886669,59217.850000000006,"{""coal"": 3937.36, ""gas"": 19098.86, ""hydro"": 47.0, ""nuclear"": 3855.15, ""solar"": 27038.09, ""unknown"": 49.6, ""wind"": 5191.79}"
US-TEX-ERCO,2026-05-22T10:05:00-05:00,251.93870529522553,59718.770000000004,"{""coal"": 3968.26, ""gas"": 19021.75, ""hydro"": 47.0, ""nuclear"": 3854.56, ""solar"": 27460.01, ""unknown"": 49.9, ""wind"": 5317.29}"
US-TEX-ERCO,2026-05-22T10:10:00-05:00,252.14247178448278,59761.9,"{""coal"": 3977.98, ""gas"": 19042.57, ""hydro"": 47.0, ""nuclear"": 3854.44, ""solar"": 27550.64, ""unknown"": 49.9, ""wind"": 5239.37}"
US-TEX-ERCO,2026-05-22T10:15:00-05:00,254.46410738033066,60274.87,"{""coal"": 3955.68, ""gas"": 19617.88, ""hydro"": 47.0, ""nuclear"": 3853.23, ""solar"": 27556.17, ""unknown"": 49.8, ""wind"": 5195.11}"
US-TEX-ERCO,2026-05-22T10:20:00-05:00,257.0018632346632,61352.57000000001,"{""coal"": 3992.13, ""gas"": 20360.38, ""hydro"": 47.0, ""nuclear"": 3854.63, ""solar"": 27924.4, ""unknown"": 49.7, ""wind"": 5124.33}"
US-TEX-ERCO,2026-05-22T10:25:00-05:00,256.47678878068183,61852.0,"{""coal"": 4004.57, ""gas"": 20503.67, ""hydro"": 47.0, ""nuclear"": 3854.73, ""solar"": 28242.62, ""unknown"": 49.8, ""wind"": 5149.61}"
US-TEX-ERCO,2026-05-22T10:30:00-05:00,252.4906005358849,62179.34,"{""coal"": 4015.97, ""gas"": 20122.42, ""hydro"": 47.0, ""nuclear"": 3854.65, ""solar"": 28997.5, ""unknown"": 49.7, ""wind"": 5092.1}"
US-TEX-ERCO,2026-05-22T10:35:00-05:00,250.2594366536832,62161.380000000005,"{""coal"": 4034.14, ""gas"": 19787.06, ""hydro"": 47.0, ""nuclear"": 3854.21, ""solar"": 29327.94, ""unknown"": 49.8, ""wind"": 5061.23}"
US-TEX-ERCO,2026-05-22T10:40:00-05:00,250.2206818532595,61878.35,"{""coal"": 4013.29, ""gas"": 19699.17, ""hydro"": 47.0, ""nuclear"": 3854.24, ""solar"": 29126.71, ""unknown"": 49.9, ""wind"": 5088.04}"
US-TEX-ERCO,2026-05-22T10:45:00-05:00,251.8148109338883,62008.43,"{""coal"": 4023.37, ""gas"": 19940.07, ""hydro"": 47.0, ""nuclear"": 3853.38, ""solar"": 28984.22, ""unknown"": 50.0, ""wind"": 5110.39}"
US-TEX-ERCO,2026-05-22T10:50:00-05:00,252.87403816998065,62793.99,"{""coal"": 4040.3, ""gas"": 20401.02, ""hydro"": 47.0, ""nuclear"": 3854.12, ""solar"": 29384.29, ""unknown"": 49.9, ""wind"": 5017.36}"
US-TEX-ERCO,2026-05-22T10:55:00-05:00,256.7125455950979,63433.96,"{""coal"": 4055.91, ""gas"": 21163.04, ""hydro"": 47.0, ""nuclear"": 3853.88, ""solar"": 29318.46, ""unknown"": 49.7, ""wind"": 4945.97}"
US-TEX-ERCO,2026-05-22T11:00:00-05:00,255.03335203518174,62770.55,"{""coal"": 4060.77, ""gas"": 20616.79, ""hydro"": 47.0, ""nuclear"": 3851.83, ""solar"": 29316.38, ""unknown"": 49.8, ""wind"": 4827.98}"
US-TEX-ERCO,2026-05-22T11:05:00-05:00,257.1819199761792,63539.990000000005,"{""coal"": 4057.82, ""gas"": 21263.45, ""hydro"": 47.0, ""nuclear"": 3853.28, ""solar"": 29542.92, ""unknown"": 49.9, ""wind"": 4725.62}"
US-TEX-ERCO,2026-05-22T11:10:00-05:00,259.6799754786812,63807.649999999994,"{""coal"": 4071.06, ""gas"": 21685.1, ""hydro"": 47.0, ""nuclear"": 3852.69, ""solar"": 29491.44, ""unknown"": 49.8, ""wind"": 4610.56}"
US-TEX-ERCO,2026-05-22T11:15:00-05:00,258.90333125706826,63617.98,"{""coal"": 4104.34, ""gas"": 21414.95, ""hydro"": 47.0, ""nuclear"": 3855.19, ""solar"": 29608.74, ""unknown"": 50.0, ""wind"": 4537.76}"
US-TEX-ERCO,2026-05-22T11:20:00-05:00,259.13460564285054,63791.240000000005,"{""coal"": 4109.32, ""gas"": 21517.4, ""hydro"": 47.0, ""nuclear"": 3854.58, ""solar"": 29673.42, ""unknown"": 49.8, ""wind"": 4539.72}"
US-TEX-ERCO,2026-05-22T11:25:00-05:00,259.88105528591865,63992.67,"{""coal"": 4119.78, ""gas"": 21685.24, ""hydro"": 47.0, ""nuclear"": 3853.35, ""solar"": 29794.57, ""unknown"": 50.1, ""wind"": 4442.63}"
US-TEX-ERCO,2026-05-22T11:30:00-05:00,261.1197557777032,64112.18,"{""coal"": 4122.12, ""gas"": 21900.17, ""hydro"": 47.0, ""nuclear"": 3852.37, ""solar"": 29722.31, ""unknown"": 49.9, ""wind"": 4418.31}"
US-TEX-ERCO,2026-05-22T11:35:00-05:00,260.73924681873393,64268.5,"{""coal"": 4128.47, ""gas"": 21910.83, ""hydro"": 47.0, ""nuclear"": 3853.57, ""solar"": 29866.13, ""unknown"": 50.1, ""wind"": 4412.4}"
US-TEX-ERCO,2026-05-22T11:40:00-05:00,261.5643657259321,64337.34999999999,"{""coal"": 4077.62, ""gas"": 22163.35, ""hydro"": 47.0, ""nuclear"": 3852.8, ""solar"": 29895.94, ""unknown"": 49.8, ""wind"": 4250.84}"
US-TEX-ERCO,2026-05-22T11:45:00-05:00,259.73649148349756,64538.82,"{""coal"": 4070.74, ""gas"": 22031.38, ""hydro"": 47.0, ""nuclear"": 3852.79, ""solar"": 30319.62, ""unknown"": 50.0, ""wind"": 4167.29}"
US-TEX-ERCO,2026-05-22T11:50:00-05:00,259.11915914363067,64270.810000000005,"{""coal"": 4037.02, ""gas"": 21895.5, ""hydro"": 47.0, ""nuclear"": 3851.93, ""solar"": 30279.55, ""unknown"": 49.8, ""wind"": 4110.01}"
US-TEX-ERCO,2026-05-22T11:55:00-05:00,257.21639600534644,64247.64,"{""coal"": 4015.06, ""gas"": 21681.97, ""hydro"": 47.0, ""nuclear"": 3853.0, ""solar"": 30521.96, ""unknown"": 49.7, ""wind"": 4078.95}"
US-TEX-ERCO,2026-05-22T12:00:00-05:00,259.3194242157013,64064.4,"{""coal"": 4036.48, ""gas"": 21820.75, ""hydro"": 47.0, ""nuclear"": 3851.06, ""solar"": 30258.42, ""unknown"": 49.8, ""wind"": 4000.89}"
US-TEX-ERCO,2026-05-22T12:05:00-05:00,263.7726959481864,64480.53,"{""coal"": 4082.13, ""gas"": 22505.5, ""hydro"": 47.0, ""nuclear"": 3851.27, ""solar"": 30004.71, ""unknown"": 50.0, ""wind"": 3939.92}"
US-TEX-ERCO,2026-05-22T12:10:00-05:00,264.7693770102145,65128.55,"{""coal"": 4147.1, ""gas"": 22809.35, ""hydro"": 47.0, ""nuclear"": 3852.88, ""solar"": 30292.86, ""unknown"": 49.9, ""wind"": 3929.46}"
US-TEX-ERCO,2026-05-22T12:15:00-05:00,266.5932272117942,65082.880000000005,"{""coal"": 4230.6, ""gas"": 22841.45, ""hydro"": 47.0, ""nuclear"": 3850.79, ""solar"": 30167.63, ""unknown"": 49.9, ""wind"": 3895.51}"
US-TEX-ERCO,2026-05-22T12:20:00-05:00,266.5951138055134,65567.61,"{""coal"": 4273.63, ""gas"": 22985.9, ""hydro"": 47.0, ""nuclear"": 3851.65, ""solar"": 30433.99, ""unknown"": 49.7, ""wind"": 3925.74}"
US-TEX-ERCO,2026-05-22T12:25:00-05:00,266.6670447918319,65567.59,"{""coal"": 4328.93, ""gas"": 22872.98, ""hydro"": 47.0, ""nuclear"": 3851.52, ""solar"": 30408.18, ""unknown"": 50.0, ""wind"": 4008.98}"
US-TEX-ERCO,2026-05-22T12:30:00-05:00,268.5232058600569,65155.490000000005,"{""coal"": 4317.9, ""gas"": 22940.4, ""hydro"": 47.0, ""nuclear"": 3850.75, ""solar"": 30005.0, ""unknown"": 49.9, ""wind"": 3944.54}"
US-TEX-ERCO,2026-05-22T12:35:00-05:00,269.77452846895454,65340.34,"{""coal"": 4307.41, ""gas"": 23223.93, ""hydro"": 47.0, ""nuclear"": 3851.58, ""solar"": 29928.7, ""unknown"": 49.9, ""wind"": 3931.82}"
US-TEX-ERCO,2026-05-22T12:40:00-05:00,269.8850765535669,65396.64,"{""coal"": 4283.02, ""gas"": 23321.94, ""hydro"": 47.0, ""nuclear"": 3848.88, ""solar"": 29914.08, ""unknown"": 49.9, ""wind"": 3931.82}"
US-TEX-ERCO,2026-05-22T12:45:00-05:00,273.2153588625241,65337.56,"{""coal"": 4361.57, ""gas"": 23558.94, ""hydro"": 47.0, ""nuclear"": 3851.18, ""solar"": 29644.59, ""unknown"": 50.0, ""wind"": 3824.28}"
US-TEX-ERCO,2026-05-22T12:50:00-05:00,274.4129223333629,66003.75,"{""coal"": 4439.06, ""gas"": 23884.24, ""hydro"": 47.0, ""nuclear"": 3850.94, ""solar"": 29951.39, ""unknown"": 50.0, ""wind"": 3781.12}"
US-TEX-ERCO,2026-05-22T12:55:00-05:00,273.9334587156819,65963.28,"{""coal"": 4448.83, ""gas"": 23773.71, ""hydro"": 47.0, ""nuclear"": 3850.27, ""solar"": 30096.86, ""unknown"": 50.2, ""wind"": 3696.41}"
US-TEX-ERCO,2026-05-22T13:00:00-05:00,278.1287698005101,65254.05,"{""coal"": 4501.65, ""gas"": 23851.67, ""hydro"": 47.0, ""nuclear"": 3849.46, ""solar"": 29370.46, ""unknown"": 50.3, ""wind"": 3583.51}"
US-TEX-ERCO,2026-05-22T13:05:00-05:00,281.56013295885253,66196.1,"{""coal"": 4633.08, ""gas"": 24509.58, ""hydro"": 47.0, ""nuclear"": 3847.83, ""solar"": 29582.18, ""unknown"": 49.9, ""wind"": 3526.53}"
US-TEX-ERCO,2026-05-22T13:10:00-05:00,283.76257341271497,66424.13,"{""coal"": 4702.71, ""gas"": 24771.7, ""hydro"": 47.0, ""nuclear"": 3846.37, ""solar"": 29519.71, ""unknown"": 50.0, ""wind"": 3486.64}"
US-TEX-ERCO,2026-05-22T13:15:00-05:00,285.4878853684222,66611.66,"{""coal"": 4783.04, ""gas"": 24924.99, ""hydro"": 47.0, ""nuclear"": 3848.99, ""solar"": 29508.19, ""unknown"": 50.1, ""wind"": 3449.35}"
US-TEX-ERCO,2026-05-22T13:20:00-05:00,286.04367299323127,66780.15,"{""coal"": 4846.56, ""gas"": 24947.55, ""hydro"": 47.0, ""nuclear"": 3849.35, ""solar"": 29610.26, ""unknown"": 50.0, ""wind"": 3429.43}"
US-TEX-ERCO,2026-05-22T13:25:00-05:00,286.85320298841066,66947.37000000001,"{""coal"": 4902.64, ""gas"": 25020.29, ""hydro"": 47.0, ""nuclear"": 3849.28, ""solar"": 29703.59, ""unknown"": 50.0, ""wind"": 3374.57}"
US-TEX-ERCO,2026-05-22T13:30:00-05:00,289.69154131087424,67312.28,"{""coal"": 4997.68, ""gas"": 25394.0, ""hydro"": 47.0, ""nuclear"": 3847.2, ""solar"": 29613.47, ""unknown"": 50.0, ""wind"": 3362.93}"
US-TEX-ERCO,2026-05-22T13:35:00-05:00,292.63733678097094,67285.20999999999,"{""coal"": 5143.99, ""gas"": 25457.45, ""hydro"": 47.0, ""nuclear"": 3848.32, ""solar"": 29350.55, ""unknown"": 50.0, ""wind"": 3387.9}"
US-TEX-ERCO,2026-05-22T13:40:00-05:00,295.5950817299304,67518.56,"{""coal"": 5288.17, ""gas"": 25672.17, ""hydro"": 47.0, ""nuclear"": 3846.33, ""solar"": 29171.51, ""unknown"": 50.1, ""wind"": 3443.28}"
US-TEX-ERCO,2026-05-22T13:45:00-05:00,297.53245304407835,67824.15,"{""coal"": 5378.62, ""gas"": 25909.44, ""hydro"": 47.0, ""nuclear"": 3848.42, ""solar"": 29087.28, ""unknown"": 50.2, ""wind"": 3503.19}"
US-TEX-ERCO,2026-05-22T13:50:00-05:00,300.64517872434163,67629.77,"{""coal"": 5496.38, ""gas"": 25967.69, ""hydro"": 47.0, ""nuclear"": 3848.36, ""solar"": 28722.12, ""unknown"": 50.2, ""wind"": 3498.02}"
US-TEX-ERCO,2026-05-22T13:55:00-05:00,304.3879790079234,67967.59,"{""coal"": 5599.57, ""gas"": 26449.24, ""hydro"": 92.0, ""nuclear"": 3847.64, ""solar"": 28413.36, ""unknown"": 50.2, ""wind"": 3515.58}"
US-TEX-ERCO,2026-05-22T14:00:00-05:00,306.71413551733866,67923.72,"{""coal"": 5626.68, ""gas"": 26685.79, ""hydro"": 90.0, ""nuclear"": 3846.89, ""solar"": 28168.25, ""unknown"": 50.2, ""wind"": 3455.91}"
US-TEX-ERCO,2026-05-22T14:05:00-05:00,309.7455807618736,67869.95,"{""coal"": 5693.58, ""gas"": 26928.75, ""hydro"": 90.0, ""nuclear"": 3847.67, ""solar"": 27733.2, ""unknown"": 50.2, ""wind"": 3526.55}"
US-TEX-ERCO,2026-05-22T14:10:00-05:00,310.335419563142,68570.86,"{""coal"": 5716.31, ""gas"": 27370.26, ""hydro"": 88.0, ""nuclear"": 3848.75, ""solar"": 27964.98, ""unknown"": 50.0, ""wind"": 3532.56}"
US-TEX-ERCO,2026-05-22T14:15:00-05:00,309.3456605952526,68875.43000000001,"{""coal"": 5770.47, ""gas"": 27288.64, ""hydro"": 89.0, ""nuclear"": 3848.37, ""solar"": 28212.34, ""unknown"": 50.1, ""wind"": 3616.51}"
US-TEX-ERCO,2026-05-22T14:20:00-05:00,310.99893732077834,68950.27,"{""coal"": 5857.66, ""gas"": 27371.25, ""hydro"": 91.0, ""nuclear"": 3846.0, ""solar"": 28075.33, ""unknown"": 50.0, ""wind"": 3659.03}"
US-TEX-ERCO,2026-05-22T14:25:00-05:00,310.983616599226,69403.93000000001,"{""coal"": 5935.14, ""gas"": 27464.09, ""hydro"": 88.0, ""nuclear"": 3846.47, ""solar"": 28228.47, ""unknown"": 50.2, ""wind"": 3791.56}"
US-TEX-ERCO,2026-05-22T14:30:00-05:00,311.2858685451378,69590.43000000002,"{""coal"": 6014.0, ""gas"": 27441.88, ""hydro"": 89.0, ""nuclear"": 3846.17, ""solar"": 28261.46, ""unknown"": 50.1, ""wind"": 3887.82}"
US-TEX-ERCO,2026-05-22T14:35:00-05:00,311.32530649852976,69669.84,"{""coal"": 6100.5, ""gas"": 27304.06, ""hydro"": 91.0, ""nuclear"": 3845.03, ""solar"": 28216.18, ""unknown"": 50.3, ""wind"": 4062.77}"
US-TEX-ERCO,2026-05-22T14:40:00-05:00,311.5004923796066,70013.26999999999,"{""coal"": 6124.45, ""gas"": 27478.96, ""hydro"": 89.0, ""nuclear"": 3844.04, ""solar"": 28297.5, ""unknown"": 50.2, ""wind"": 4129.12}"
US-TEX-ERCO,2026-05-22T14:45:00-05:00,315.53476284528375,69316.36,"{""coal"": 6193.78, ""gas"": 27487.57, ""hydro"": 91.0, ""nuclear"": 3845.36, ""solar"": 27519.74, ""unknown"": 50.4, ""wind"": 4128.51}"
US-TEX-ERCO,2026-05-22T14:50:00-05:00,316.1460559369359,69791.76000000001,"{""coal"": 6182.45, ""gas"": 27886.27, ""hydro"": 88.0, ""nuclear"": 3843.59, ""solar"": 27547.41, ""unknown"": 50.1, ""wind"": 4193.94}"
US-TEX-ERCO,2026-05-22T14:55:00-05:00,319.731765904915,69903.08,"{""coal"": 6277.65, ""gas"": 28255.52, ""hydro"": 91.0, ""nuclear"": 3843.28, ""solar"": 27104.74, ""unknown"": 50.2, ""wind"": 4280.69}"
US-TEX-ERCO,2026-05-22T15:00:00-05:00,321.078311769758,70228.84,"{""coal"": 6344.34, ""gas"": 28498.78, ""hydro"": 91.0, ""nuclear"": 3844.42, ""solar"": 27047.49, ""unknown"": 50.0, ""wind"": 4352.81}"
US-TEX-ERCO,2026-05-22T15:05:00-05:00,321.82855113773866,70249.16,"{""coal"": 6398.14, ""gas"": 28501.54, ""hydro"": 90.0, ""nuclear"": 3845.12, ""solar"": 26902.15, ""unknown"": 49.9, ""wind"": 4462.31}"
US-TEX-ERCO,2026-05-22T15:10:00-05:00,321.82863539777543,70342.45999999999,"{""coal"": 6366.79, ""gas"": 28627.37, ""hydro"": 91.0, ""nuclear"": 3842.64, ""solar"": 26940.96, ""unknown"": 50.2, ""wind"": 4423.5}"
US-TEX-ERCO,2026-05-22T15:15:00-05:00,320.7841755320668,70711.73000000001,"{""coal"": 6407.09, ""gas"": 28613.36, ""hydro"": 90.0, ""nuclear"": 3844.16, ""solar"": 27161.22, ""unknown"": 50.1, ""wind"": 4545.8}"
US-TEX-ERCO,2026-05-22T15:20:00-05:00,317.9111809584334,71247.62,"{""coal"": 6381.67, ""gas"": 28574.55, ""hydro"": 89.0, ""nuclear"": 3844.2, ""solar"": 27781.23, ""unknown"": 50.1, ""wind"": 4526.87}"
US-TEX-ERCO,2026-05-22T15:25:00-05:00,319.6855189181911,70558.48000000001,"{""coal"": 6420.4, ""gas"": 28332.67, ""hydro"": 91.0, ""nuclear"": 3843.34, ""solar"": 27214.28, ""unknown"": 50.3, ""wind"": 4606.49}"
US-TEX-ERCO,2026-05-22T15:30:00-05:00,320.546418740043,71126.66000000002,"{""coal"": 6421.35, ""gas"": 28805.1, ""hydro"": 89.0, ""nuclear"": 3843.41, ""solar"": 27137.9, ""unknown"": 50.1, ""wind"": 4779.8}"
US-TEX-ERCO,2026-05-22T15:35:00-05:00,318.4995543418224,71305.83,"{""coal"": 6425.98, ""gas"": 28607.77, ""hydro"": 89.0, ""nuclear"": 3843.01, ""solar"": 27367.82, ""unknown"": 50.0, ""wind"": 4922.25}"
US-TEX-ERCO,2026-05-22T15:40:00-05:00,315.1670538012218,71873.57999999999,"{""coal"": 6356.91, ""gas"": 28619.73, ""hydro"": 89.0, ""nuclear"": 3843.7, ""solar"": 27769.96, ""unknown"": 50.0, ""wind"": 5144.28}"
US-TEX-ERCO,2026-05-22T15:45:00-05:00,313.76486532937383,71743.49,"{""coal"": 6304.39, ""gas"": 28458.83, ""hydro"": 88.0, ""nuclear"": 3842.7, ""solar"": 27695.44, ""unknown"": 50.0, ""wind"": 5304.13}"
US-TEX-ERCO,2026-05-22T15:50:00-05:00,312.70521001710864,71952.23,"{""coal"": 6301.53, ""gas"": 28439.68, ""hydro"": 88.0, ""nuclear"": 3841.55, ""solar"": 27677.39, ""unknown"": 50.0, ""wind"": 5554.08}"
US-TEX-ERCO,2026-05-22T15:55:00-05:00,307.9207493460533,72318.65000000001,"{""coal"": 6177.37, ""gas"": 28232.46, ""hydro"": 88.0, ""nuclear"": 3843.4, ""solar"": 28117.29, ""unknown"": 50.1, ""wind"": 5810.03}"
US-TEX-ERCO,2026-05-22T16:00:00-05:00,308.15235020468646,71587.49,"{""coal"": 6172.41, ""gas"": 27860.39, ""hydro"": 91.0, ""nuclear"": 3842.35, ""solar"": 27525.06, ""unknown"": 50.3, ""wind"": 6045.98}"
US-TEX-ERCO,2026-05-22T16:05:00-05:00,309.9086108655927,71729.92000000001,"{""coal"": 6169.64, ""gas"": 28211.25, ""hydro"": 90.0, ""nuclear"": 3841.28, ""solar"": 27226.05, ""unknown"": 50.1, ""wind"": 6141.6}"
US-TEX-ERCO,2026-05-22T16:10:00-05:00,310.51623952747957,71989.63999999998,"{""coal"": 6184.1, ""gas"": 28423.38, ""hydro"": 91.0, ""nuclear"": 3843.07, ""solar"": 27148.32, ""unknown"": 50.2, ""wind"": 6249.57}"
US-TEX-ERCO,2026-05-22T16:15:00-05:00,315.8997248046177,71834.73000000001,"{""coal"": 6300.8, ""gas"": 28866.37, ""hydro"": 91.0, ""nuclear"": 3841.22, ""solar"": 26354.08, ""unknown"": 50.3, ""wind"": 6330.96}"
US-TEX-ERCO,2026-05-22T16:20:00-05:00,315.5413902637808,72364.89,"{""coal"": 6376.01, ""gas"": 28967.65, ""hydro"": 88.0, ""nuclear"": 3838.92, ""solar"": 26455.98, ""unknown"": 50.1, ""wind"": 6588.23}"
US-TEX-ERCO,2026-05-22T16:25:00-05:00,312.008280078224,73482.7,"{""coal"": 6463.62, ""gas"": 28920.3, ""hydro"": 88.0, ""nuclear"": 3843.35, ""solar"": 26943.03, ""unknown"": 50.1, ""wind"": 7174.3}"
US-TEX-ERCO,2026-05-22T16:30:00-05:00,313.0137764873177,72797.49,"{""coal"": 6451.16, ""gas"": 28710.19, ""hydro"": 91.0, ""nuclear"": 3840.58, ""solar"": 25976.65, ""unknown"": 50.4, ""wind"": 7677.51}"
US-TEX-ERCO,2026-05-22T16:35:00-05:00,311.6870342295876,73516.09,"{""coal"": 6371.67, ""gas"": 29122.51, ""hydro"": 88.0, ""nuclear"": 3842.32, ""solar"": 26073.59, ""unknown"": 50.1, ""wind"": 7967.9}"
US-TEX-ERCO,2026-05-22T16:40:00-05:00,309.5993279538876,73860.41,"{""coal"": 6403.49, ""gas"": 28936.39, ""hydro"": 88.0, ""nuclear"": 3841.85, ""solar"": 26570.8, ""unknown"": 50.1, ""wind"": 7969.78}"
US-TEX-ERCO,2026-05-22T16:45:00-05:00,308.89151024603206,73358.85,"{""coal"": 6329.71, ""gas"": 28708.61, ""hydro"": 91.0, ""nuclear"": 3841.37, ""solar"": 26194.49, ""unknown"": 50.1, ""wind"": 8143.57}"
US-TEX-ERCO,2026-05-22T16:50:00-05:00,307.213852779934,73465.5,"{""coal"": 6197.73, ""gas"": 28822.88, ""hydro"": 88.0, ""nuclear"": 3841.9, ""solar"": 26068.94, ""unknown"": 49.9, ""wind"": 8396.15}"
US-TEX-ERCO,2026-05-22T16:55:00-05:00,308.1176347771561,73178.44,"{""coal"": 6174.09, ""gas"": 28854.99, ""hydro"": 106.73, ""nuclear"": 3841.29, ""solar"": 25446.66, ""unknown"": 50.1, ""wind"": 8704.58}"
US-TEX-ERCO,2026-05-22T17:00:00-05:00,308.4730373799282,72866.37999999999,"{""coal"": 6190.36, ""gas"": 28694.05, ""hydro"": 109.01, ""nuclear"": 3840.03, ""solar"": 25159.78, ""unknown"": 50.0, ""wind"": 8823.15}"
US-TEX-ERCO,2026-05-22T17:05:00-05:00,311.87873851100176,72667.70999999999,"{""coal"": 6290.63, ""gas"": 28872.66, ""hydro"": 109.03, ""nuclear"": 3839.73, ""solar"": 24288.31, ""unknown"": 50.1, ""wind"": 9217.25}"
US-TEX-ERCO,2026-05-22T17:10:00-05:00,311.4664991002892,73914.57999999999,"{""coal"": 6360.46, ""gas"": 29393.39, ""hydro"": 105.31, ""nuclear"": 3840.25, ""solar"": 24705.8, ""unknown"": 50.0, ""wind"": 9459.37}"
US-TEX-ERCO,2026-05-22T17:15:00-05:00,309.23990935648925,73985.66,"{""coal"": 6352.08, ""gas"": 29126.61, ""hydro"": 106.22, ""nuclear"": 3840.18, ""solar"": 24683.43, ""unknown"": 50.0, ""wind"": 9827.14}"
US-TEX-ERCO,2026-05-22T17:20:00-05:00,307.2114828830564,74016.76999999999,"{""coal"": 6294.98, ""gas"": 28978.26, ""hydro"": 106.19, ""nuclear"": 3839.47, ""solar"": 24473.77, ""unknown"": 50.1, ""wind"": 10274.0}"
US-TEX-ERCO,2026-05-22T17:25:00-05:00,305.21470118316716,73869.53,"{""coal"": 6235.66, ""gas"": 28738.66, ""hydro"": 106.06, ""nuclear"": 3840.98, ""solar"": 24124.25, ""unknown"": 50.2, ""wind"": 10773.72}"
US-TEX-ERCO,2026-05-22T17:30:00-05:00,304.9304814205414,73817.93,"{""coal"": 6202.13, ""gas"": 28750.06, ""hydro"": 106.01, ""nuclear"": 3840.77, ""solar"": 23814.45, ""unknown"": 50.1, ""wind"": 11054.41}"
US-TEX-ERCO,2026-05-22T17:35:00-05:00,304.6846829165277,73415.82,"{""coal"": 6187.25, ""gas"": 28519.91, ""hydro"": 106.05, ""nuclear"": 3841.01, ""solar"": 23523.9, ""unknown"": 50.0, ""wind"": 11187.7}"
US-TEX-ERCO,2026-05-22T17:40:00-05:00,305.011330852403,72927.26,"{""coal"": 6105.15, ""gas"": 28493.25, ""hydro"": 109.4, ""nuclear"": 3838.92, ""solar"": 22488.75, ""unknown"": 50.1, ""wind"": 11841.69}"
US-TEX-ERCO,2026-05-22T17:45:00-05:00,305.5399764444214,73072.94,"{""coal"": 6126.51, ""gas"": 28616.89, ""hydro"": 106.03, ""nuclear"": 3841.58, ""solar"": 22208.19, ""unknown"": 49.9, ""wind"": 12123.84}"
US-TEX-ERCO,2026-05-22T17:50:00-05:00,305.5486119402688,72864.22,"{""coal"": 6050.96, ""gas"": 28675.61, ""hydro"": 109.24, ""nuclear"": 3840.9, ""solar"": 21770.79, ""unknown"": 50.0, ""wind"": 12366.72}"
US-TEX-ERCO,2026-05-22T17:55:00-05:00,308.9618550776773,72015.02,"{""coal"": 6045.08, ""gas"": 28708.08, ""hydro"": 109.45, ""nuclear"": 3841.14, ""solar"": 20788.3, ""unknown"": 50.4, ""wind"": 12472.57}"
US-TEX-ERCO,2026-05-22T18:00:00-05:00,311.0739126131565,71994.38,"{""coal"": 6117.66, ""gas"": 28846.33, ""hydro"": 107.23, ""nuclear"": 3839.65, ""solar"": 20508.9, ""unknown"": 50.4, ""wind"": 12524.21}"
US-TEX-ERCO,2026-05-22T18:05:00-05:00,311.1086097496393,71965.03,"{""coal"": 6238.48, ""gas"": 28562.33, ""hydro"": 105.97, ""nuclear"": 3840.91, ""solar"": 20646.62, ""unknown"": 50.0, ""wind"": 12520.72}"
US-TEX-ERCO,2026-05-22T18:10:00-05:00,309.459778758608,72056.63,"{""coal"": 6226.37, ""gas"": 28407.1, ""hydro"": 106.0, ""nuclear"": 3841.56, ""solar"": 20649.11, ""unknown"": 49.9, ""wind"": 12776.59}"
US-TEX-ERCO,2026-05-22T18:15:00-05:00,309.70814099408625,71834.95,"{""coal"": 6169.61, ""gas"": 28458.42, ""hydro"": 109.17, ""nuclear"": 3841.9, ""solar"": 19892.61, ""unknown"": 50.0, ""wind"": 13313.24}"
US-TEX-ERCO,2026-05-22T18:20:00-05:00,313.2713868438494,71563.86,"{""coal"": 6173.94, ""gas"": 28820.65, ""hydro"": 106.17, ""nuclear"": 3841.35, ""solar"": 19042.0, ""unknown"": 50.1, ""wind"": 13529.65}"
US-TEX-ERCO,2026-05-22T18:25:00-05:00,316.2699831211376,71492.55,"{""coal"": 6225.11, ""gas"": 29109.26, ""hydro"": 106.05, ""nuclear"": 3841.48, ""solar"": 18455.8, ""unknown"": 49.8, ""wind"": 13705.05}"
US-TEX-ERCO,2026-05-22T18:30:00-05:00,318.6451427022784,71313.26,"{""coal"": 6293.67, ""gas"": 29203.36, ""hydro"": 105.96, ""nuclear"": 3841.07, ""solar"": 17855.67, ""unknown"": 49.8, ""wind"": 13963.73}"
US-TEX-ERCO,2026-05-22T18:35:00-05:00,321.00480537187633,71084.32,"{""coal"": 6321.8, ""gas"": 29355.75, ""hydro"": 106.02, ""nuclear"": 3839.97, ""solar"": 17126.2, ""unknown"": 50.2, ""wind"": 14284.38}"
US-TEX-ERCO,2026-05-22T18:40:00-05:00,328.4588406575614,70193.57999999999,"{""coal"": 6425.31, ""gas"": 29665.72, ""hydro"": 109.34, ""nuclear"": 3839.38, ""solar"": 15529.56, ""unknown"": 50.0, ""wind"": 14574.27}"
US-TEX-ERCO,2026-05-22T18:45:00-05:00,336.08870020573494,69776.44,"{""coal"": 6495.57, ""gas"": 30351.87, ""hydro"": 109.45, ""nuclear"": 3840.4, ""solar"": 14007.11, ""unknown"": 50.1, ""wind"": 14921.94}"
US-TEX-ERCO,2026-05-22T18:50:00-05:00,342.86481120387714,69257.07,"{""coal"": 6590.25, ""gas"": 30774.93, ""hydro"": 109.23, ""nuclear"": 3839.85, ""solar"": 12852.98, ""unknown"": 50.0, ""wind"": 15039.83}"
US-TEX-ERCO,2026-05-22T18:55:00-05:00,348.2627324571388,68686.67000000001,"{""coal"": 6674.49, ""gas"": 30973.48, ""hydro"": 122.23, ""nuclear"": 3839.25, ""solar"": 12037.18, ""unknown"": 50.0, ""wind"": 14990.04}"
US-TEX-ERCO,2026-05-22T19:00:00-05:00,357.63774424181526,67428.04,"{""coal"": 6817.99, ""gas"": 31109.29, ""hydro"": 123.18, ""nuclear"": 3838.47, ""solar"": 10656.82, ""unknown"": 50.2, ""wind"": 14832.09}"
US-TEX-ERCO,2026-05-22T19:05:00-05:00,362.56091598135407,66881.62,"{""coal"": 6881.75, ""gas"": 31268.0, ""hydro"": 123.02, ""nuclear"": 3841.57, ""solar"": 9939.77, ""unknown"": 50.0, ""wind"": 14777.51}"
US-TEX-ERCO,2026-05-22T19:10:00-05:00,368.93984100500336,66190.89,"{""coal"": 6947.38, ""gas"": 31507.71, ""hydro"": 123.08, ""nuclear"": 3840.56, ""solar"": 8997.33, ""unknown"": 50.0, ""wind"": 14724.83}"
US-TEX-ERCO,2026-05-22T19:15:00-05:00,376.2129567726523,65179.350000000006,"{""coal"": 6979.17, ""gas"": 31688.4, ""hydro"": 122.04, ""nuclear"": 3841.93, ""solar"": 8038.05, ""unknown"": 50.1, ""wind"": 14459.66}"
US-TEX-ERCO,2026-05-22T19:20:00-05:00,381.22808393891677,64874.75000000001,"{""coal"": 7028.26, ""gas"": 32031.21, ""hydro"": 120.94, ""nuclear"": 3841.3, ""solar"": 7198.79, ""unknown"": 50.0, ""wind"": 14604.25}"
US-TEX-ERCO,2026-05-22T19:25:00-05:00,385.34073960007294,64515.58,"{""coal"": 7042.17, ""gas"": 32288.29, ""hydro"": 119.82, ""nuclear"": 3840.14, ""solar"": 6378.33, ""unknown"": 50.0, ""wind"": 14796.83}"
US-TEX-ERCO,2026-05-22T19:30:00-05:00,388.7672152655245,64282.34999999999,"{""coal"": 7092.91, ""gas"": 32470.6, ""hydro"": 119.76, ""nuclear"": 3840.35, ""solar"": 5374.39, ""unknown"": 49.7, ""wind"": 15334.64}"
US-TEX-ERCO,2026-05-22T19:35:00-05:00,389.87920499724413,64202.369999999995,"{""coal"": 7095.19, ""gas"": 32569.64, ""hydro"": 119.81, ""nuclear"": 3840.93, ""solar"": 4601.41, ""unknown"": 50.1, ""wind"": 15925.29}"
US-TEX-ERCO,2026-05-22T19:40:00-05:00,395.26917667868133,63424.95,"{""coal"": 7130.21, ""gas"": 32611.12, ""hydro"": 123.18, ""nuclear"": 3840.07, ""solar"": 3752.09, ""unknown"": 50.0, ""wind"": 15918.28}"
US-TEX-ERCO,2026-05-22T19:45:00-05:00,399.783199209186,62569.67999999999,"{""coal"": 7131.13, ""gas"": 32544.47, ""hydro"": 123.13, ""nuclear"": 3841.4, ""solar"": 2800.6, ""unknown"": 50.1, ""wind"": 16078.85}"
US-TEX-ERCO,2026-05-22T19:50:00-05:00,403.9222231995704,61962.880000000005,"{""coal"": 7156.0, ""gas"": 32550.46, ""hydro"": 120.06, ""nuclear"": 3842.84, ""solar"": 2111.08, ""unknown"": 50.1, ""wind"": 16132.34}"
US-TEX-ERCO,2026-05-22T19:55:00-05:00,405.8966033062468,61542.62,"{""coal"": 7129.14, ""gas"": 32536.65, ""hydro"": 154.12, ""nuclear"": 3839.6, ""solar"": 1622.6, ""unknown"": 49.9, ""wind"": 16210.61}"
US-TEX-ERCO,2026-05-22T20:00:00-05:00,408.5339536268207,60997.11,"{""coal"": 7118.76, ""gas"": 32462.87, ""hydro"": 157.28, ""nuclear"": 3842.43, ""solar"": 1197.91, ""unknown"": 50.1, ""wind"": 16167.76}"
US-TEX-ERCO,2026-05-22T20:05:00-05:00,409.13127077781553,60665.41,"{""coal"": 7050.08, ""gas"": 32435.63, ""hydro"": 153.04, ""nuclear"": 3841.4, ""solar"": 827.69, ""unknown"": 49.9, ""wind"": 16307.67}"
US-TEX-ERCO,2026-05-22T20:10:00-05:00,412.78589878496234,60215.38999999999,"{""coal"": 7107.61, ""gas"": 32397.87, ""hydro"": 157.2, ""nuclear"": 3841.5, ""solar"": 530.74, ""unknown"": 50.1, ""wind"": 16130.37}"
US-TEX-ERCO,2026-05-22T20:15:00-05:00,414.08566537396916,59996.07,"{""coal"": 7120.03, ""gas"": 32353.83, ""hydro"": 154.97, ""nuclear"": 3840.75, ""solar"": 409.36, ""unknown"": 50.0, ""wind"": 16067.13}"
US-TEX-ERCO,2026-05-22T20:20:00-05:00,415.3379329575482,59878.85,"{""coal"": 7092.16, ""gas"": 32475.47, ""hydro"": 153.77, ""nuclear"": 3842.24, ""solar"": 255.75, ""unknown"": 50.0, ""wind"": 16009.46}"
US-TEX-ERCO,2026-05-22T20:25:00-05:00,415.82377126647276,59668.520000000004,"{""coal"": 7081.78, ""gas"": 32389.98, ""hydro"": 152.76, ""nuclear"": 3841.05, ""solar"": 157.6, ""unknown"": 49.7, ""wind"": 15995.65}"
US-TEX-ERCO,2026-05-22T20:30:00-05:00,414.44547385079926,59798.619999999995,"{""coal"": 7067.37, ""gas"": 32364.27, ""hydro"": 155.92, ""nuclear"": 3840.7, ""solar"": 83.12, ""unknown"": 50.0, ""wind"": 16237.24}"
US-TEX-ERCO,2026-05-22T20:35:00-05:00,414.80740160652823,59687.159999999996,"{""coal"": 7066.6, ""gas"": 32320.58, ""hydro"": 157.03, ""nuclear"": 3842.35, ""solar"": 40.5, ""unknown"": 50.0, ""wind"": 16210.1}"
US-TEX-ERCO,2026-05-22T20:40:00-05:00,417.2176808227877,59241.490000000005,"{""coal"": 7047.1, ""gas"": 32290.1, ""hydro"": 157.08, ""nuclear"": 3843.01, ""solar"": 21.15, ""unknown"": 50.1, ""wind"": 15832.95}"
US-TEX-ERCO,2026-05-22T20:45:00-05:00,416.1675447704581,59234.57,"{""coal"": 7008.36, ""gas"": 32246.97, ""hydro"": 152.82, ""nuclear"": 3842.28, ""solar"": 17.56, ""unknown"": 49.8, ""wind"": 15916.78}"
US-TEX-ERCO,2026-05-22T20:50:00-05:00,416.35477186154736,59168.66999999999,"{""coal"": 7004.18, ""gas"": 32224.82, ""hydro"": 152.78, ""nuclear"": 3841.84, ""solar"": 17.09, ""unknown"": 50.0, ""wind"": 15877.96}"
US-TEX-ERCO,2026-05-22T20:55:00-05:00,417.0149662202562,58841.39,"{""coal"": 6993.33, ""gas"": 32062.21, ""hydro"": 151.84, ""nuclear"": 3841.95, ""solar"": 2.08, ""unknown"": 50.0, ""wind"": 15739.98}"
US-TEX-ERCO,2026-05-22T21:00:00-05:00,417.69941122286673,58820.899999999994,"{""coal"": 7019.55, ""gas"": 32068.88, ""hydro"": 108.94, ""nuclear"": 3841.66, ""solar"": 1.99, ""unknown"": 50.0, ""wind"": 15729.88}"
US-TEX-ERCO,2026-05-22T21:05:00-05:00,418.1597222475491,58809.090000000004,"{""coal"": 7001.87, ""gas"": 32152.77, ""hydro"": 110.03, ""nuclear"": 3841.93, ""solar"": 1.55, ""unknown"": 49.8, ""wind"": 15651.14}"
US-TEX-ERCO,2026-05-22T21:10:00-05:00,418.9289504954473,58756.38000000001,"{""coal"": 7023.91, ""gas"": 32151.08, ""hydro"": 110.01, ""nuclear"": 3841.84, ""solar"": 2.0, ""unknown"": 49.9, ""wind"": 15577.64}"
US-TEX-ERCO,2026-05-22T21:15:00-05:00,418.6757066191053,58704.13,"{""coal"": 7024.08, ""gas"": 32078.89, ""hydro"": 106.72, ""nuclear"": 3841.9, ""solar"": 2.13, ""unknown"": 49.7, ""wind"": 15600.71}"
US-TEX-ERCO,2026-05-22T21:20:00-05:00,417.6001968869958,58672.91,"{""coal"": 7018.41, ""gas"": 31939.7, ""hydro"": 104.87, ""nuclear"": 3843.12, ""solar"": 2.24, ""unknown"": 50.1, ""wind"": 15714.47}"
US-TEX-ERCO,2026-05-22T21:25:00-05:00,414.56922684400325,58905.05,"{""coal"": 7031.46, ""gas"": 31742.83, ""hydro"": 107.87, ""nuclear"": 3842.42, ""solar"": 2.0, ""unknown"": 50.1, ""wind"": 16128.37}"
US-TEX-ERCO,2026-05-22T21:30:00-05:00,414.03140502248425,59030.03000000001,"{""coal"": 7062.8, ""gas"": 31710.75, ""hydro"": 107.19, ""nuclear"": 3841.44, ""solar"": 2.19, ""unknown"": 50.0, ""wind"": 16255.66}"
US-TEX-ERCO,2026-05-22T21:35:00-05:00,414.5198691977682,58844.61,"{""coal"": 7068.84, ""gas"": 31605.69, ""hydro"": 105.93, ""nuclear"": 3840.8, ""solar"": 1.1, ""unknown"": 50.0, ""wind"": 16172.25}"
US-TEX-ERCO,2026-05-22T21:40:00-05:00,417.6638878082765,58540.06999999999,"{""coal"": 7066.43, ""gas"": 31732.85, ""hydro"": 107.08, ""nuclear"": 3842.2, ""solar"": 1.67, ""unknown"": 50.1, ""wind"": 15739.74}"
US-TEX-ERCO,2026-05-22T21:45:00-05:00,421.315999397729,58274.50000000001,"{""coal"": 7130.11, ""gas"": 31800.72, ""hydro"": 107.05, ""nuclear"": 3843.25, ""solar"": 1.05, ""unknown"": 50.1, ""wind"": 15342.22}"
US-TEX-ERCO,2026-05-22T21:50:00-05:00,424.9107929569783,57984.100000000006,"{""coal"": 7167.08, ""gas"": 31897.08, ""hydro"": 107.09, ""nuclear"": 3842.49, ""solar"": 1.41, ""unknown"": 49.9, ""wind"": 14919.05}"
US-TEX-ERCO,2026-05-22T21:55:00-05:00,425.66072784485647,58136.46000000001,"{""coal"": 7152.17, ""gas"": 32143.11, ""hydro"": 104.82, ""nuclear"": 3841.51, ""solar"": 1.28, ""unknown"": 49.8, ""wind"": 14843.77}"
US-TEX-ERCO,2026-05-22T22:00:00-05:00,424.44679136786925,58454.270000000004,"{""coal"": 7124.09, ""gas"": 32326.38, ""hydro"": 106.92, ""nuclear"": 3843.02, ""solar"": 1.41, ""unknown"": 50.0, ""wind"": 15002.45}"
US-TEX-ERCO,2026-05-22T22:05:00-05:00,426.6031351022583,58401.74,"{""coal"": 7158.01, ""gas"": 32459.02, ""hydro"": 107.04, ""nuclear"": 3843.49, ""solar"": 1.35, ""unknown"": 50.0, ""wind"": 14782.83}"
US-TEX-ERCO,2026-05-22T22:10:00-05:00,425.8382780377843,58493.170000000006,"{""coal"": 7088.58, ""gas"": 32599.61, ""hydro"": 105.75, ""nuclear"": 3843.3, ""solar"": 1.24, ""unknown"": 50.0, ""wind"": 14804.69}"
US-TEX-ERCO,2026-05-22T22:15:00-05:00,424.95776356217056,58727.49,"{""coal"": 7105.78, ""gas"": 32652.22, ""hydro"": 105.04, ""nuclear"": 3843.0, ""solar"": 1.45, ""unknown"": 50.0, ""wind"": 14970.0}"
US-TEX-ERCO,2026-05-22T22:20:00-05:00,425.4200777163274,58440.28,"{""coal"": 7124.2, ""gas"": 32427.96, ""hydro"": 105.19, ""nuclear"": 3841.93, ""solar"": 1.55, ""unknown"": 50.1, ""wind"": 14889.35}"
US-TEX-ERCO,2026-05-22T22:25:00-05:00,425.36150762794176,58551.41999999999,"{""coal"": 7148.89, ""gas"": 32458.28, ""hydro"": 103.09, ""nuclear"": 3843.74, ""solar"": 1.54, ""unknown"": 50.1, ""wind"": 14945.78}"
US-TEX-ERCO,2026-05-22T22:30:00-05:00,424.9614076283265,58572.07,"{""coal"": 7118.09, ""gas"": 32496.79, ""hydro"": 102.98, ""nuclear"": 3842.7, ""solar"": 1.39, ""unknown"": 50.2, ""wind"": 14959.92}"
US-TEX-ERCO,2026-05-22T22:35:00-05:00,425.3230472937439,58523.33,"{""coal"": 7169.18, ""gas"": 32385.42, ""hydro"": 98.9, ""nuclear"": 3842.67, ""solar"": 1.04, ""unknown"": 50.3, ""wind"": 14975.82}"
US-TEX-ERCO,2026-05-22T22:40:00-05:00,426.713097753818,58385.7,"{""coal"": 7184.87, ""gas"": 32399.03, ""hydro"": 99.01, ""nuclear"": 3844.31, ""solar"": 1.08, ""unknown"": 50.1, ""wind"": 14807.3}"
US-TEX-ERCO,2026-05-22T22:45:00-05:00,425.9596169723132,58537.600000000006,"{""coal"": 7210.44, ""gas"": 32380.76, ""hydro"": 96.83, ""nuclear"": 3843.3, ""solar"": 1.23, ""unknown"": 49.8, ""wind"": 14955.24}"
US-TEX-ERCO,2026-05-22T22:50:00-05:00,423.666520170787,58699.93,"{""coal"": 7249.47, ""gas"": 32160.33, ""hydro"": 76.0, ""nuclear"": 3844.49, ""solar"": 0.96, ""unknown"": 50.0, ""wind"": 15318.68}"
US-TEX-ERCO,2026-05-22T22:55:00-05:00,420.0895127644133,59134.44,"{""coal"": 7271.64, ""gas"": 32046.75, ""hydro"": 76.0, ""nuclear"": 3842.68, ""solar"": 1.32, ""unknown"": 50.1, ""wind"": 15845.95}"
US-TEX-ERCO,2026-05-22T23:00:00-05:00,418.4353743248048,59002.96000000001,"{""coal"": 7266.32, ""gas"": 31756.86, ""hydro"": 76.0, ""nuclear"": 3843.68, ""solar"": 1.15, ""unknown"": 49.9, ""wind"": 16009.05}"
US-TEX-ERCO,2026-05-22T23:05:00-05:00,413.2716593602285,58897.42,"{""coal"": 7144.57, ""gas"": 31334.57, ""hydro"": 78.0, ""nuclear"": 3843.17, ""solar"": 1.36, ""unknown"": 49.8, ""wind"": 16445.95}"
US-TEX-ERCO,2026-05-22T23:10:00-05:00,408.7572982103991,58855.69,"{""coal"": 7074.16, ""gas"": 30927.28, ""hydro"": 78.0, ""nuclear"": 3842.49, ""solar"": 1.32, ""unknown"": 49.8, ""wind"": 16882.64}"
US-TEX-ERCO,2026-05-22T23:15:00-05:00,403.586925278713,58616.17,"{""coal"": 6911.14, ""gas"": 30493.89, ""hydro"": 78.0, ""nuclear"": 3842.42, ""solar"": 1.37, ""unknown"": 50.1, ""wind"": 17239.25}"
US-TEX-ERCO,2026-05-22T23:20:00-05:00,400.14733794941225,58136.09,"{""coal"": 6763.08, ""gas"": 30047.37, ""hydro"": 77.0, ""nuclear"": 3842.45, ""solar"": 1.36, ""unknown"": 50.2, ""wind"": 17354.63}"
US-TEX-ERCO,2026-05-22T23:25:00-05:00,398.21205816193384,57678.25,"{""coal"": 6615.55, ""gas"": 29796.72, ""hydro"": 76.0, ""nuclear"": 3843.27, ""solar"": 1.23, ""unknown"": 50.1, ""wind"": 17295.38}"
US-TEX-ERCO,2026-05-22T23:30:00-05:00,397.1189260330327,57210.31,"{""coal"": 6501.26, ""gas"": 29564.05, ""hydro"": 76.0, ""nuclear"": 3842.61, ""solar"": 1.38, ""unknown"": 50.1, ""wind"": 17174.91}"
US-TEX-ERCO,2026-05-22T23:35:00-05:00,399.0154190922903,56806.649999999994,"{""coal"": 6427.55, ""gas"": 29631.4, ""hydro"": 76.0, ""nuclear"": 3843.31, ""solar"": 1.49, ""unknown"": 50.2, ""wind"": 16776.7}"
US-TEX-ERCO,2026-05-22T23:40:00-05:00,400.85350684613604,56759.99,"{""coal"": 6364.72, ""gas"": 29942.75, ""hydro"": 76.0, ""nuclear"": 3844.35, ""solar"": 1.44, ""unknown"": 50.2, ""wind"": 16480.53}"
US-TEX-ERCO,2026-05-22T23:45:00-05:00,405.3774040067913,56381.64,"{""coal"": 6431.04, ""gas"": 30010.37, ""hydro"": 75.0, ""nuclear"": 3844.01, ""solar"": 1.44, ""unknown"": 50.1, ""wind"": 15969.68}"
US-TEX-ERCO,2026-05-22T23:50:00-05:00,408.533130237064,55984.34,"{""coal"": 6448.5, ""gas"": 30011.6, ""hydro"": 77.0, ""nuclear"": 3843.31, ""solar"": 1.24, ""unknown"": 50.0, ""wind"": 15552.69}"
US-TEX-ERCO,2026-05-22T23:55:00-05:00,410.96166040796993,55646.51,"{""coal"": 6452.96, ""gas"": 30003.3, ""hydro"": 80.0, ""nuclear"": 3843.82, ""solar"": 1.43, ""unknown"": 50.0, ""wind"": 15215.0}"
US-TEX-ERCO,2026-05-23T00:00:00-05:00,413.7767726492435,54931.159999999996,"{""coal"": 6470.36, ""gas"": 29703.24, ""hydro"": 45.0, ""nuclear"": 3843.06, ""solar"": 0.96, ""unknown"": 50.1, ""wind"": 14818.44}"
US-TEX-ERCO,2026-05-23T00:05:00-05:00,416.1239502868889,54517.35,"{""coal"": 6504.68, ""gas"": 29549.89, ""hydro"": 45.0, ""nuclear"": 3843.15, ""solar"": 1.32, ""unknown"": 50.1, ""wind"": 14523.21}"
US-TEX-ERCO,2026-05-23T00:10:00-05:00,418.49857260540057,54289.97,"{""coal"": 6533.49, ""gas"": 29559.23, ""hydro"": 46.0, ""nuclear"": 3844.93, ""solar"": 1.26, ""unknown"": 50.2, ""wind"": 14254.86}"
US-TEX-ERCO,2026-05-23T00:15:00-05:00,421.86064922340347,53963.93,"{""coal"": 6577.06, ""gas"": 29559.47, ""hydro"": 46.0, ""nuclear"": 3844.23, ""solar"": 1.39, ""unknown"": 50.2, ""wind"": 13885.58}"
US-TEX-ERCO,2026-05-23T00:20:00-05:00,426.48634054226363,53673.119999999995,"{""coal"": 6662.77, ""gas"": 29626.43, ""hydro"": 45.0, ""nuclear"": 3843.35, ""solar"": 1.36, ""unknown"": 50.1, ""wind"": 13444.11}"
US-TEX-ERCO,2026-05-23T00:25:00-05:00,430.4957612245713,53478.96,"{""coal"": 6701.51, ""gas"": 29807.41, ""hydro"": 46.0, ""nuclear"": 3842.77, ""solar"": 1.12, ""unknown"": 50.0, ""wind"": 13030.15}"
US-TEX-ERCO,2026-05-23T00:30:00-05:00,432.2368099473302,53411.03,"{""coal"": 6714.19, ""gas"": 29907.8, ""hydro"": 46.0, ""nuclear"": 3843.28, ""solar"": 0.91, ""unknown"": 50.1, ""wind"": 12848.75}"
US-TEX-ERCO,2026-05-23T00:35:00-05:00,435.58569595039097,53175.09,"{""coal"": 6736.05, ""gas"": 30016.15, ""hydro"": 45.0, ""nuclear"": 3843.49, ""solar"": 1.43, ""unknown"": 50.2, ""wind"": 12482.77}"
US-TEX-ERCO,2026-05-23T00:40:00-05:00,439.30262203840425,52985.9,"{""coal"": 6807.2, ""gas"": 30091.2, ""hydro"": 46.0, ""nuclear"": 3844.27, ""solar"": 1.41, ""unknown"": 50.0, ""wind"": 12145.82}"
US-TEX-ERCO,2026-05-23T00:45:00-05:00,443.03307889234947,52607.34,"{""coal"": 6868.35, ""gas"": 30023.33, ""hydro"": 46.0, ""nuclear"": 3844.22, ""solar"": 1.54, ""unknown"": 50.2, ""wind"": 11773.7}"
US-TEX-ERCO,2026-05-23T00:50:00-05:00,445.58044767988633,52417.29,"{""coal"": 6912.0, ""gas"": 30029.24, ""hydro"": 45.0, ""nuclear"": 3842.45, ""solar"": 1.65, ""unknown"": 50.1, ""wind"": 11536.85}"
US-TEX-ERCO,2026-05-23T00:55:00-05:00,447.4480984545751,52247.25,"{""coal"": 6972.63, ""gas"": 29942.16, ""hydro"": 44.0, ""nuclear"": 3845.2, ""solar"": 1.65, ""unknown"": 50.0, ""wind"": 11391.61}"
US-TEX-ERCO,2026-05-23T01:00:00-05:00,449.9507492283597,52164.27,"{""coal"": 7023.93, ""gas"": 30016.39, ""hydro"": 45.0, ""nuclear"": 3843.26, ""solar"": 1.28, ""unknown"": 50.1, ""wind"": 11184.31}"
US-TEX-ERCO,2026-05-23T01:05:00-05:00,454.2793990228755,51951.86000000001,"{""coal"": 7143.89, ""gas"": 30013.06, ""hydro"": 44.0, ""nuclear"": 3845.29, ""solar"": 1.37, ""unknown"": 50.0, ""wind"": 10854.25}"
US-TEX-ERCO,2026-05-23T01:10:00-05:00,454.5554189680325,51956.04,"{""coal"": 7148.8, ""gas"": 30034.47, ""hydro"": 44.0, ""nuclear"": 3844.64, ""solar"": 1.45, ""unknown"": 50.0, ""wind"": 10832.68}"
US-TEX-ERCO,2026-05-23T01:15:00-05:00,453.52957614207395,51929.4,"{""coal"": 7139.14, ""gas"": 29926.21, ""hydro"": 44.0, ""nuclear"": 3845.76, ""solar"": 1.17, ""unknown"": 49.9, ""wind"": 10923.22}"
US-TEX-ERCO,2026-05-23T01:20:00-05:00,453.2613868522774,51961.09,"{""coal"": 7148.51, ""gas"": 29905.45, ""hydro"": 45.0, ""nuclear"": 3842.03, ""solar"": 1.08, ""unknown"": 50.0, ""wind"": 10969.02}"
US-TEX-ERCO,2026-05-23T01:25:00-05:00,454.12830587131253,51795.32000000001,"{""coal"": 7154.17, ""gas"": 29836.24, ""hydro"": 44.0, ""nuclear"": 3844.68, ""solar"": 1.25, ""unknown"": 50.0, ""wind"": 10864.98}"
US-TEX-ERCO,2026-05-23T01:30:00-05:00,454.8527750773638,51547.94,"{""coal"": 7119.55, ""gas"": 29768.86, ""hydro"": 44.0, ""nuclear"": 3844.5, ""solar"": 1.26, ""unknown"": 50.0, ""wind"": 10719.77}"
US-TEX-ERCO,2026-05-23T01:35:00-05:00,455.41893949144173,51335.409999999996,"{""coal"": 7091.95, ""gas"": 29699.7, ""hydro"": 46.0, ""nuclear"": 3843.91, ""solar"": 1.29, ""unknown"": 50.1, ""wind"": 10602.46}"
US-TEX-ERCO,2026-05-23T01:40:00-05:00,457.3353017282753,50958.95,"{""coal"": 7069.65, ""gas"": 29610.5, ""hydro"": 46.0, ""nuclear"": 3845.42, ""solar"": 1.42, ""unknown"": 49.9, ""wind"": 10336.06}"
US-TEX-ERCO,2026-05-23T01:45:00-05:00,460.06073417839883,50630.96,"{""coal"": 7048.3, ""gas"": 29640.85, ""hydro"": 45.0, ""nuclear"": 3845.09, ""solar"": 1.31, ""unknown"": 50.1, ""wind"": 10000.31}"
US-TEX-ERCO,2026-05-23T01:50:00-05:00,463.84976022455083,50380.549999999996,"{""coal"": 7069.61, ""gas"": 29749.8, ""hydro"": 44.0, ""nuclear"": 3844.78, ""solar"": 1.53, ""unknown"": 50.3, ""wind"": 9620.53}"
US-TEX-ERCO,2026-05-23T01:55:00-05:00,465.9807054791117,50450.02,"{""coal"": 7122.52, ""gas"": 29910.01, ""hydro"": 46.0, ""nuclear"": 3845.74, ""solar"": 1.03, ""unknown"": 50.0, ""wind"": 9474.72}"
US-TEX-ERCO,2026-05-23T02:00:00-05:00,467.4585384035464,50538.9,"{""coal"": 7181.91, ""gas"": 30007.84, ""hydro"": 44.0, ""nuclear"": 3844.08, ""solar"": 1.05, ""unknown"": 50.1, ""wind"": 9409.92}"
US-TEX-ERCO,2026-05-23T02:05:00-05:00,468.1779878374062,50540.92,"{""coal"": 7228.76, ""gas"": 29978.26, ""hydro"": 45.0, ""nuclear"": 3844.89, ""solar"": 1.29, ""unknown"": 50.1, ""wind"": 9392.62}"
US-TEX-ERCO,2026-05-23T02:10:00-05:00,468.53326671475224,50551.57000000001,"{""coal"": 7229.43, ""gas"": 30022.32, ""hydro"": 45.0, ""nuclear"": 3844.55, ""solar"": 0.98, ""unknown"": 50.1, ""wind"": 9359.19}"
US-TEX-ERCO,2026-05-23T02:15:00-05:00,468.9931726571817,50448.70000000001,"{""coal"": 7214.69, ""gas"": 30007.4, ""hydro"": 45.0, ""nuclear"": 3845.98, ""solar"": 1.26, ""unknown"": 50.1, ""wind"": 9284.27}"
US-TEX-ERCO,2026-05-23T02:20:00-05:00,471.214066740115,50153.28,"{""coal"": 7210.65, ""gas"": 29968.8, ""hydro"": 45.0, ""nuclear"": 3846.36, ""solar"": 1.06, ""unknown"": 50.0, ""wind"": 9031.41}"
US-TEX-ERCO,2026-05-23T02:25:00-05:00,474.55818088431806,49889.76,"{""coal"": 7217.04, ""gas"": 30045.48, ""hydro"": 46.0, ""nuclear"": 3844.68, ""solar"": 1.23, ""unknown"": 50.0, ""wind"": 8685.33}"
US-TEX-ERCO,2026-05-23T02:30:00-05:00,478.53436110272554,49515.44,"{""coal"": 7266.84, ""gas"": 29981.65, ""hydro"": 45.0, ""nuclear"": 3845.72, ""solar"": 1.17, ""unknown"": 50.0, ""wind"": 8325.06}"
US-TEX-ERCO,2026-05-23T02:35:00-05:00,479.1051097570299,49492.24,"{""coal"": 7230.44, ""gas"": 30097.07, ""hydro"": 46.0, ""nuclear"": 3846.65, ""solar"": 1.09, ""unknown"": 50.0, ""wind"": 8220.99}"
US-TEX-ERCO,2026-05-23T02:40:00-05:00,482.6113977245098,49247.740000000005,"{""coal"": 7266.71, ""gas"": 30132.62, ""hydro"": 46.0, ""nuclear"": 3844.64, ""solar"": 1.41, ""unknown"": 50.1, ""wind"": 7906.26}"
US-TEX-ERCO,2026-05-23T02:45:00-05:00,487.8166460129639,48827.28999999999,"{""coal"": 7296.74, ""gas"": 30177.42, ""hydro"": 47.0, ""nuclear"": 3844.14, ""solar"": 1.72, ""unknown"": 50.1, ""wind"": 7410.17}"
US-TEX-ERCO,2026-05-23T02:50:00-05:00,490.6988816445656,48614.8,"{""coal"": 7277.31, ""gas"": 30297.95, ""hydro"": 46.0, ""nuclear"": 3844.54, ""solar"": 1.25, ""unknown"": 50.1, ""wind"": 7097.65}"
US-TEX-ERCO,2026-05-23T02:55:00-05:00,492.89624007031,48281.88,"{""coal"": 7282.49, ""gas"": 30179.39, ""hydro"": 46.0, ""nuclear"": 3845.12, ""solar"": 1.23, ""unknown"": 50.2, ""wind"": 6877.45}"
US-TEX-ERCO,2026-05-23T03:00:00-05:00,495.3899194689271,48046.14,"{""coal"": 7298.25, ""gas"": 30157.07, ""hydro"": 47.0, ""nuclear"": 3846.07, ""solar"": 1.12, ""unknown"": 50.0, ""wind"": 6646.63}"
US-TEX-ERCO,2026-05-23T03:05:00-05:00,497.1518219992485,48006.14000000001,"{""coal"": 7300.63, ""gas"": 30281.99, ""hydro"": 47.0, ""nuclear"": 3844.08, ""solar"": 1.43, ""unknown"": 49.9, ""wind"": 6481.11}"
US-TEX-ERCO,2026-05-23T03:10:00-05:00,497.03598571498753,48000.47,"{""coal"": 7303.26, ""gas"": 30259.76, ""hydro"": 45.0, ""nuclear"": 3844.92, ""solar"": 1.26, ""unknown"": 49.8, ""wind"": 6496.47}"
US-TEX-ERCO,2026-05-23T03:15:00-05:00,497.625894368767,47781.01,"{""coal"": 7317.71, ""gas"": 30071.17, ""hydro"": 45.0, ""nuclear"": 3845.78, ""solar"": 1.15, ""unknown"": 49.8, ""wind"": 6450.4}"
US-TEX-ERCO,2026-05-23T03:20:00-05:00,497.17954930473167,47823.37000000001,"{""coal"": 7310.78, ""gas"": 30085.08, ""hydro"": 45.0, ""nuclear"": 3845.8, ""solar"": 1.16, ""unknown"": 49.8, ""wind"": 6485.75}"
US-TEX-ERCO,2026-05-23T03:25:00-05:00,497.23994888749513,47776.17,"{""coal"": 7333.93, ""gas"": 29993.39, ""hydro"": 47.0, ""nuclear"": 3844.31, ""solar"": 1.21, ""unknown"": 50.0, ""wind"": 6506.33}"
US-TEX-ERCO,2026-05-23T03:30:00-05:00,496.7972439458076,47615.65999999999,"{""coal"": 7264.59, ""gas"": 29949.92, ""hydro"": 45.0, ""nuclear"": 3845.64, ""solar"": 1.36, ""unknown"": 49.7, ""wind"": 6459.45}"
US-TEX-ERCO,2026-05-23T03:35:00-05:00,494.43591048866443,47751.14000000001,"{""coal"": 7217.07, ""gas"": 29961.53, ""hydro"": 46.0, ""nuclear"": 3844.39, ""solar"": 1.3, ""unknown"": 49.8, ""wind"": 6631.05}"
US-TEX-ERCO,2026-05-23T03:40:00-05:00,491.9305890563632,47984.16,"{""coal"": 7203.05, ""gas"": 29977.18, ""hydro"": 45.0, ""nuclear"": 3846.07, ""solar"": 4.86, ""unknown"": 50.0, ""wind"": 6858.0}"
US-TEX-ERCO,2026-05-23T03:45:00-05:00,488.0723808901666,48185.729999999996,"{""coal"": 7135.09, ""gas"": 29950.26, ""hydro"": 46.0, ""nuclear"": 3846.23, ""solar"": 1.09, ""unknown"": 50.2, ""wind"": 7156.86}"
US-TEX-ERCO,2026-05-23T03:50:00-05:00,484.5549614387097,48234.81999999999,"{""coal"": 7043.88, ""gas"": 29861.15, ""hydro"": 45.0, ""nuclear"": 3846.06, ""solar"": 1.42, ""unknown"": 50.0, ""wind"": 7387.31}"
US-TEX-ERCO,2026-05-23T03:55:00-05:00,480.74368750239586,48168.719999999994,"{""coal"": 6956.39, ""gas"": 29625.39, ""hydro"": 91.0, ""nuclear"": 3844.38, ""solar"": 1.27, ""unknown"": 50.0, ""wind"": 7600.29}"
US-TEX-ERCO,2026-05-23T04:00:00-05:00,479.3636612694732,47842.65000000001,"{""coal"": 6907.93, ""gas"": 29295.51, ""hydro"": 91.0, ""nuclear"": 3845.66, ""solar"": 1.4, ""unknown"": 50.1, ""wind"": 7651.05}"
US-TEX-ERCO,2026-05-23T04:05:00-05:00,479.0076086127715,47751.600000000006,"{""coal"": 6892.95, ""gas"": 29210.06, ""hydro"": 90.0, ""nuclear"": 3845.86, ""solar"": 1.41, ""unknown"": 49.9, ""wind"": 7661.42}"
US-TEX-ERCO,2026-05-23T04:10:00-05:00,478.20291249076087,47532.17,"{""coal"": 6806.61, ""gas"": 29120.41, ""hydro"": 92.0, ""nuclear"": 3847.01, ""solar"": 0.1, ""unknown"": 49.9, ""wind"": 7616.14}"
US-TEX-ERCO,2026-05-23T04:15:00-05:00,477.6412699768981,47555.33,"{""coal"": 6763.64, ""gas"": 29184.08, ""hydro"": 90.0, ""nuclear"": 3845.7, ""solar"": 0.11, ""unknown"": 49.9, ""wind"": 7621.9}"
US-TEX-ERCO,2026-05-23T04:20:00-05:00,477.3406276594774,47347.17,"{""coal"": 6722.58, ""gas"": 29053.19, ""hydro"": 88.0, ""nuclear"": 3846.98, ""solar"": 0.1, ""unknown"": 49.8, ""wind"": 7586.52}"
US-TEX-ERCO,2026-05-23T04:25:00-05:00,476.9229028710039,46987.76,"{""coal"": 6727.64, ""gas"": 28668.19, ""hydro"": 89.0, ""nuclear"": 3846.2, ""solar"": 0.16, ""unknown"": 50.0, ""wind"": 7606.57}"
US-TEX-ERCO,2026-05-23T04:30:00-05:00,475.3450541028734,46800.81,"{""coal"": 6637.56, ""gas"": 28546.98, ""hydro"": 88.0, ""nuclear"": 3843.74, ""solar"": 0.11, ""unknown"": 50.0, ""wind"": 7634.42}"
US-TEX-ERCO,2026-05-23T04:35:00-05:00,475.88704275958924,46873.62999999999,"{""coal"": 6556.34, ""gas"": 28845.11, ""hydro"": 88.0, ""nuclear"": 3845.13, ""solar"": 0.13, ""unknown"": 50.1, ""wind"": 7488.82}"
US-TEX-ERCO,2026-05-23T04:40:00-05:00,475.5939704348838,46895.520000000004,"{""coal"": 6545.65, ""gas"": 28861.79, ""hydro"": 90.0, ""nuclear"": 3845.8, ""solar"": 0.1, ""unknown"": 50.0, ""wind"": 7502.18}"
US-TEX-ERCO,2026-05-23T04:45:00-05:00,473.84453278892863,46775.26,"{""coal"": 6470.19, ""gas"": 28754.68, ""hydro"": 88.0, ""nuclear"": 3845.0, ""solar"": 0.11, ""unknown"": 49.9, ""wind"": 7567.38}"
US-TEX-ERCO,2026-05-23T04:50:00-05:00,471.8643087004368,46813.03,"{""coal"": 6426.29, ""gas"": 28702.15, ""hydro"": 88.0, ""nuclear"": 3845.84, ""solar"": 0.1, ""unknown"": 49.8, ""wind"": 7700.85}"
US-TEX-ERCO,2026-05-23T04:55:00-05:00,469.4863731634663,46878.72000000001,"{""coal"": 6395.96, ""gas"": 28607.13, ""hydro"": 90.0, ""nuclear"": 3844.12, ""solar"": 0.11, ""unknown"": 50.0, ""wind"": 7891.4}"
US-TEX-ERCO,2026-05-23T05:00:00-05:00,467.60499911735934,46761.41,"{""coal"": 6428.16, ""gas"": 28253.24, ""hydro"": 89.0, ""nuclear"": 3845.36, ""solar"": 0.1, ""unknown"": 49.8, ""wind"": 8095.75}"
US-TEX-ERCO,2026-05-23T05:05:00-05:00,464.86253949759714,47047.07000000001,"{""coal"": 6427.03, ""gas"": 28258.58, ""hydro"": 88.0, ""nuclear"": 3846.72, ""solar"": 0.11, ""unknown"": 49.8, ""wind"": 8376.83}"
US-TEX-ERCO,2026-05-23T05:10:00-05:00,462.55154330463284,46941.1,"{""coal"": 6384.39, ""gas"": 28040.56, ""hydro"": 88.0, ""nuclear"": 3847.38, ""solar"": 0.1, ""unknown"": 50.0, ""wind"": 8530.67}"
US-TEX-ERCO,2026-05-23T05:15:00-05:00,459.73878360595023,46796.96000000001,"{""coal"": 6312.15, ""gas"": 27808.41, ""hydro"": 88.0, ""nuclear"": 3844.8, ""solar"": 0.12, ""unknown"": 50.0, ""wind"": 8693.48}"
US-TEX-ERCO,2026-05-23T05:20:00-05:00,458.2387810651738,46762.32,"{""coal"": 6280.27, ""gas"": 27708.34, ""hydro"": 88.0, ""nuclear"": 3843.84, ""solar"": 0.11, ""unknown"": 49.9, ""wind"": 8791.86}"
US-TEX-ERCO,2026-05-23T05:25:00-05:00,455.1593502613482,46898.39,"{""coal"": 6212.37, ""gas"": 27691.98, ""hydro"": 88.0, ""nuclear"": 3846.15, ""solar"": 0.1, ""unknown"": 50.1, ""wind"": 9009.69}"
US-TEX-ERCO,2026-05-23T05:30:00-05:00,452.7590461667969,46724.67,"{""coal"": 6102.67, ""gas"": 27557.74, ""hydro"": 91.0, ""nuclear"": 3845.17, ""solar"": 0.1, ""unknown"": 50.0, ""wind"": 9077.99}"
US-TEX-ERCO,2026-05-23T05:35:00-05:00,451.93855310980774,46657.02,"{""coal"": 6062.45, ""gas"": 27511.3, ""hydro"": 89.0, ""nuclear"": 3845.45, ""solar"": 0.24, ""unknown"": 49.8, ""wind"": 9098.78}"
US-TEX-ERCO,2026-05-23T05:40:00-05:00,451.37328289858357,46606.68,"{""coal"": 6012.66, ""gas"": 27524.47, ""hydro"": 90.0, ""nuclear"": 3848.0, ""solar"": 0.1, ""unknown"": 50.1, ""wind"": 9081.35}"
US-TEX-ERCO,2026-05-23T05:45:00-05:00,453.1599645222328,46265.3,"{""coal"": 5956.46, ""gas"": 27514.28, ""hydro"": 90.0, ""nuclear"": 3844.75, ""solar"": 0.11, ""unknown"": 50.0, ""wind"": 8809.7}"
US-TEX-ERCO,2026-05-23T05:50:00-05:00,457.6212867132821,45996.82,"{""coal"": 5984.13, ""gas"": 27625.41, ""hydro"": 91.0, ""nuclear"": 3846.03, ""solar"": 0.11, ""unknown"": 50.0, ""wind"": 8400.14}"
US-TEX-ERCO,2026-05-23T05:55:00-05:00,462.6191568387713,46122.81999999999,"{""coal"": 6098.61, ""gas"": 27943.55, ""hydro"": 91.0, ""nuclear"": 3844.07, ""solar"": 0.11, ""unknown"": 50.0, ""wind"": 8095.48}"
US-TEX-ERCO,2026-05-23T06:00:00-05:00,462.0986723291642,45802.0,"{""coal"": 6011.51, ""gas"": 27800.18, ""hydro"": 91.0, ""nuclear"": 3844.93, ""solar"": 0.11, ""unknown"": 50.0, ""wind"": 8004.27}"
US-TEX-ERCO,2026-05-23T06:05:00-05:00,462.4426589347277,45797.340000000004,"{""coal"": 6043.54, ""gas"": 27756.58, ""hydro"": 88.0, ""nuclear"": 3846.08, ""solar"": 0.11, ""unknown"": 49.9, ""wind"": 8013.13}"
US-TEX-ERCO,2026-05-23T06:10:00-05:00,462.6295826172229,45967.229999999996,"{""coal"": 6089.7, ""gas"": 27824.21, ""hydro"": 87.0, ""nuclear"": 3844.67, ""solar"": 0.1, ""unknown"": 50.0, ""wind"": 8071.55}"
US-TEX-ERCO,2026-05-23T06:15:00-05:00,464.3929124768464,45690.00000000001,"{""coal"": 6073.27, ""gas"": 27771.81, ""hydro"": 89.0, ""nuclear"": 3844.8, ""solar"": 0.95, ""unknown"": 49.8, ""wind"": 7860.37}"
US-TEX-ERCO,2026-05-23T06:20:00-05:00,464.54860308769764,45718.83,"{""coal"": 6057.66, ""gas"": 27846.75, ""hydro"": 88.0, ""nuclear"": 3846.07, ""solar"": 0.2, ""unknown"": 49.8, ""wind"": 7830.35}"
US-TEX-ERCO,2026-05-23T06:25:00-05:00,463.3773971009691,45740.189999999995,"{""coal"": 6037.17, ""gas"": 27804.79, ""hydro"": 88.0, ""nuclear"": 3845.17, ""solar"": 0.65, ""unknown"": 49.7, ""wind"": 7914.71}"
US-TEX-ERCO,2026-05-23T06:30:00-05:00,462.06992170620396,45471.369999999995,"{""coal"": 5935.12, ""gas"": 27669.63, ""hydro"": 88.0, ""nuclear"": 3846.03, ""solar"": 12.63, ""unknown"": 49.7, ""wind"": 7870.26}"
US-TEX-ERCO,2026-05-23T06:35:00-05:00,460.0247721605044,45477.469999999994,"{""coal"": 5851.54, ""gas"": 27673.59, ""hydro"": 88.0, ""nuclear"": 3847.56, ""solar"": 41.35, ""unknown"": 50.1, ""wind"": 7925.33}"
US-TEX-ERCO,2026-05-23T06:40:00-05:00,457.80719733859485,45507.71000000001,"{""coal"": 5741.69, ""gas"": 27741.82, ""hydro"": 91.0, ""nuclear"": 3846.9, ""solar"": 89.65, ""unknown"": 49.9, ""wind"": 7946.75}"
US-TEX-ERCO,2026-05-23T06:45:00-05:00,456.74744747924996,45480.98999999999,"{""coal"": 5674.45, ""gas"": 27768.43, ""hydro"": 90.0, ""nuclear"": 3845.75, ""solar"": 174.34, ""unknown"": 50.0, ""wind"": 7878.02}"
US-TEX-ERCO,2026-05-23T06:50:00-05:00,455.2280546396524,45755.62,"{""coal"": 5693.5, ""gas"": 27827.44, ""hydro"": 88.0, ""nuclear"": 3845.88, ""solar"": 326.6, ""unknown"": 49.9, ""wind"": 7924.3}"
US-TEX-ERCO,2026-05-23T06:55:00-05:00,452.4088214787394,46049.91,"{""coal"": 5703.62, ""gas"": 27799.08, ""hydro"": 88.0, ""nuclear"": 3845.78, ""solar"": 591.75, ""unknown"": 49.9, ""wind"": 7971.78}"
US-TEX-ERCO,2026-05-23T07:00:00-05:00,447.9597258450901,46159.6,"{""coal"": 5697.05, ""gas"": 27490.75, ""hydro"": 90.0, ""nuclear"": 3844.52, ""solar"": 923.08, ""unknown"": 50.0, ""wind"": 8064.2}"
US-TEX-ERCO,2026-05-23T07:05:00-05:00,441.11215987699995,46336.840000000004,"{""coal"": 5550.24, ""gas"": 27327.31, ""hydro"": 88.0, ""nuclear"": 3846.25, ""solar"": 1290.37, ""unknown"": 50.0, ""wind"": 8184.67}"
US-TEX-ERCO,2026-05-23T07:10:00-05:00,435.0153313125326,46523.0,"{""coal"": 5470.73, ""gas"": 27084.66, ""hydro"": 89.0, ""nuclear"": 3846.62, ""solar"": 1733.83, ""unknown"": 50.0, ""wind"": 8248.16}"
US-TEX-ERCO,2026-05-23T07:15:00-05:00,427.86630314140285,46574.29999999999,"{""coal"": 5384.66, ""gas"": 26638.16, ""hydro"": 91.0, ""nuclear"": 3845.63, ""solar"": 2298.84, ""unknown"": 50.1, ""wind"": 8265.91}"
US-TEX-ERCO,2026-05-23T07:20:00-05:00,421.0646006182009,46773.299999999996,"{""coal"": 5334.14, ""gas"": 26262.8, ""hydro"": 90.0, ""nuclear"": 3844.74, ""solar"": 2937.66, ""unknown"": 49.9, ""wind"": 8254.06}"
US-TEX-ERCO,2026-05-23T07:25:00-05:00,414.6613836246514,46826.329999999994,"{""coal"": 5275.79, ""gas"": 25819.5, ""hydro"": 88.0, ""nuclear"": 3844.95, ""solar"": 3548.52, ""unknown"": 50.1, ""wind"": 8199.47}"
US-TEX-ERCO,2026-05-23T07:30:00-05:00,407.8280508908777,46937.97,"{""coal"": 5191.63, ""gas"": 25436.54, ""hydro"": 91.0, ""nuclear"": 3845.01, ""solar"": 4228.34, ""unknown"": 50.0, ""wind"": 8095.45}"
US-TEX-ERCO,2026-05-23T07:35:00-05:00,401.5838384660016,47316.74,"{""coal"": 5152.68, ""gas"": 25211.47, ""hydro"": 89.0, ""nuclear"": 3845.41, ""solar"": 4992.74, ""unknown"": 49.8, ""wind"": 7975.64}"
US-TEX-ERCO,2026-05-23T07:40:00-05:00,393.0285688766989,47891.659999999996,"{""coal"": 5081.56, ""gas"": 24969.28, ""hydro"": 88.0, ""nuclear"": 3845.31, ""solar"": 6048.31, ""unknown"": 49.7, ""wind"": 7809.5}"
US-TEX-ERCO,2026-05-23T07:45:00-05:00,382.1851000047428,48469.11,"{""coal"": 5010.68, ""gas"": 24487.5, ""hydro"": 88.0, ""nuclear"": 3846.13, ""solar"": 7082.62, ""unknown"": 50.1, ""wind"": 7904.08}"
US-TEX-ERCO,2026-05-23T07:50:00-05:00,371.45202424072795,48990.55,"{""coal"": 4945.48, ""gas"": 23937.56, ""hydro"": 90.0, ""nuclear"": 3846.19, ""solar"": 8176.96, ""unknown"": 50.0, ""wind"": 7944.36}"
US-TEX-ERCO,2026-05-23T07:55:00-05:00,364.50911552622364,49061.869999999995,"{""coal"": 4887.64, ""gas"": 23413.85, ""hydro"": 91.0, ""nuclear"": 3844.56, ""solar"": 8984.85, ""unknown"": 50.2, ""wind"": 7789.77}"
US-TEX-ERCO,2026-05-23T08:00:00-05:00,361.0192351792713,48986.17,"{""coal"": 4820.48, ""gas"": 23154.75, ""hydro"": 91.0, ""nuclear"": 3846.66, ""solar"": 9449.75, ""unknown"": 50.3, ""wind"": 7573.23}"
US-TEX-ERCO,2026-05-23T08:05:00-05:00,354.7222501574196,49582.24,"{""coal"": 4736.5, ""gas"": 23108.48, ""hydro"": 91.0, ""nuclear"": 3846.59, ""solar"": 10358.85, ""unknown"": 49.9, ""wind"": 7390.92}"
US-TEX-ERCO,2026-05-23T08:10:00-05:00,348.0027993885809,50494.64,"{""coal"": 4720.31, ""gas"": 23054.89, ""hydro"": 89.0, ""nuclear"": 3846.89, ""solar"": 11669.94, ""unknown"": 50.0, ""wind"": 7063.61}"
US-TEX-ERCO,2026-05-23T08:15:00-05:00,342.01364666286474,50833.53999999999,"{""coal"": 4630.65, ""gas"": 22848.01, ""hydro"": 90.0, ""nuclear"": 3848.08, ""solar"": 12571.38, ""unknown"": 50.0, ""wind"": 6795.42}"
US-TEX-ERCO,2026-05-23T08:20:00-05:00,333.22198010184997,51276.17,"{""coal"": 4530.37, ""gas"": 22427.51, ""hydro"": 90.0, ""nuclear"": 3848.13, ""solar"": 13811.17, ""unknown"": 49.9, ""wind"": 6519.09}"
US-TEX-ERCO,2026-05-23T08:25:00-05:00,325.9322100019004,51898.58,"{""coal"": 4459.17, ""gas"": 22199.4, ""hydro"": 91.0, ""nuclear"": 3844.89, ""solar"": 14889.72, ""unknown"": 49.9, ""wind"": 6364.5}"
US-TEX-ERCO,2026-05-23T08:30:00-05:00,319.4131418697434,52269.13,"{""coal"": 4335.7, ""gas"": 22001.01, ""hydro"": 89.0, ""nuclear"": 3845.86, ""solar"": 15752.29, ""unknown"": 50.1, ""wind"": 6195.17}"
US-TEX-ERCO,2026-05-23T08:35:00-05:00,315.58023088717397,52024.95,"{""coal"": 4224.43, ""gas"": 21689.32, ""hydro"": 91.0, ""nuclear"": 3845.67, ""solar"": 16107.02, ""unknown"": 50.2, ""wind"": 6017.31}"
US-TEX-ERCO,2026-05-23T08:40:00-05:00,311.7330762404417,53036.21000000001,"{""coal"": 4214.58, ""gas"": 21889.47, ""hydro"": 90.0, ""nuclear"": 3846.33, ""solar"": 17111.39, ""unknown"": 50.1, ""wind"": 5834.34}"
US-TEX-ERCO,2026-05-23T08:45:00-05:00,307.73631784265825,53390.98,"{""coal"": 4181.18, ""gas"": 21729.84, ""hydro"": 91.0, ""nuclear"": 3846.67, ""solar"": 17827.44, ""unknown"": 50.1, ""wind"": 5664.75}"
US-TEX-ERCO,2026-05-23T08:50:00-05:00,305.2901882913527,53448.119999999995,"{""coal"": 4160.32, ""gas"": 21535.62, ""hydro"": 90.0, ""nuclear"": 3844.62, ""solar"": 18292.78, ""unknown"": 50.1, ""wind"": 5474.68}"
US-TEX-ERCO,2026-05-23T08:55:00-05:00,307.0749045719523,53356.270000000004,"{""coal"": 4165.57, ""gas"": 21659.53, ""hydro"": 91.0, ""nuclear"": 3846.16, ""solar"": 18308.04, ""unknown"": 50.1, ""wind"": 5235.87}"
US-TEX-ERCO,2026-05-23T09:00:00-05:00,306.8685083753261,54195.82,"{""coal"": 4170.55, ""gas"": 22104.9, ""hydro"": 45.0, ""nuclear"": 3846.21, ""solar"": 18940.56, ""unknown"": 50.0, ""wind"": 5038.6}"
US-TEX-ERCO,2026-05-23T09:05:00-05:00,307.4156147659624,54661.479999999996,"{""coal"": 4211.75, ""gas"": 22339.94, ""hydro"": 45.0, ""nuclear"": 3847.05, ""solar"": 19216.77, ""unknown"": 50.0, ""wind"": 4950.97}"
US-TEX-ERCO,2026-05-23T09:10:00-05:00,307.35807685384776,54658.81,"{""coal"": 4207.83, ""gas"": 22338.8, ""hydro"": 45.0, ""nuclear"": 3848.61, ""solar"": 19280.03, ""unknown"": 50.1, ""wind"": 4888.44}"
US-TEX-ERCO,2026-05-23T09:15:00-05:00,308.3023265386738,54958.94,"{""coal"": 4222.61, ""gas"": 22582.79, ""hydro"": 45.0, ""nuclear"": 3847.91, ""solar"": 19432.39, ""unknown"": 49.9, ""wind"": 4778.34}"
US-TEX-ERCO,2026-05-23T09:20:00-05:00,305.52844739317214,55683.74,"{""coal"": 4238.12, ""gas"": 22653.58, ""hydro"": 45.0, ""nuclear"": 3845.68, ""solar"": 19995.55, ""unknown"": 50.0, ""wind"": 4855.81}"
US-TEX-ERCO,2026-05-23T09:25:00-05:00,300.61761379114904,56382.19,"{""coal"": 4212.79, ""gas"": 22544.92, ""hydro"": 46.0, ""nuclear"": 3845.96, ""solar"": 20785.03, ""unknown"": 49.9, ""wind"": 4897.59}"
US-TEX-ERCO,2026-05-23T09:30:00-05:00,297.72032493183974,56823.91,"{""coal"": 4219.54, ""gas"": 22440.04, ""hydro"": 44.0, ""nuclear"": 3844.5, ""solar"": 21350.66, ""unknown"": 50.1, ""wind"": 4875.07}"
US-TEX-ERCO,2026-05-23T09:35:00-05:00,297.83386165844394,56517.439999999995,"{""coal"": 4225.2, ""gas"": 22265.67, ""hydro"": 45.0, ""nuclear"": 3846.83, ""solar"": 21331.67, ""unknown"": 50.0, ""wind"": 4753.07}"
US-TEX-ERCO,2026-05-23T09:40:00-05:00,296.0876040076907,56934.6,"{""coal"": 4249.71, ""gas"": 22233.48, ""hydro"": 44.0, ""nuclear"": 3846.52, ""solar"": 21952.29, ""unknown"": 50.1, ""wind"": 4558.5}"
US-TEX-ERCO,2026-05-23T09:45:00-05:00,295.82490692608775,57394.740000000005,"{""coal"": 4284.15, ""gas"": 22379.97, ""hydro"": 44.0, ""nuclear"": 3847.22, ""solar"": 22251.31, ""unknown"": 50.1, ""wind"": 4537.99}"
US-TEX-ERCO,2026-05-23T09:50:00-05:00,296.46720403361564,57082.79000000001,"{""coal"": 4306.15, ""gas"": 22233.11, ""hydro"": 44.0, ""nuclear"": 3847.76, ""solar"": 22053.54, ""unknown"": 49.9, ""wind"": 4548.33}"
US-TEX-ERCO,2026-05-23T09:55:00-05:00,294.3937413314876,57507.6,"{""coal"": 4315.36, ""gas"": 22204.12, ""hydro"": 44.0, ""nuclear"": 3847.52, ""solar"": 22481.84, ""unknown"": 50.0, ""wind"": 4564.76}"
US-TEX-ERCO,2026-05-23T10:00:00-05:00,292.8835880456488,57602.799999999996,"{""coal"": 4302.56, ""gas"": 22109.05, ""hydro"": 44.0, ""nuclear"": 3845.36, ""solar"": 22611.09, ""unknown"": 50.0, ""wind"": 4640.74}"
US-TEX-ERCO,2026-05-23T10:05:00-05:00,290.85790414272265,57909.63,"{""coal"": 4319.83, ""gas"": 21996.81, ""hydro"": 44.0, ""nuclear"": 3846.68, ""solar"": 23043.77, ""unknown"": 49.9, ""wind"": 4608.64}"
US-TEX-ERCO,2026-05-23T10:10:00-05:00,289.62581451000193,58275.630000000005,"{""coal"": 4320.75, ""gas"": 22044.7, ""hydro"": 44.0, ""nuclear"": 3847.05, ""solar"": 23426.99, ""unknown"": 49.9, ""wind"": 4542.24}"
US-TEX-ERCO,2026-05-23T10:15:00-05:00,289.03508402627807,58707.67999999999,"{""coal"": 4332.02, ""gas"": 22178.58, ""hydro"": 44.0, ""nuclear"": 3846.01, ""solar"": 23831.98, ""unknown"": 50.1, ""wind"": 4424.99}"
US-TEX-ERCO,2026-05-23T10:20:00-05:00,292.17373843570164,58427.31999999999,"{""coal"": 4342.04, ""gas"": 22376.53, ""hydro"": 44.0, ""nuclear"": 3846.7, ""solar"": 23493.07, ""unknown"": 50.1, ""wind"": 4274.88}"
US-TEX-ERCO,2026-05-23T10:25:00-05:00,292.5937961357816,58591.76,"{""coal"": 4359.46, ""gas"": 22475.9, ""hydro"": 44.0, ""nuclear"": 3844.57, ""solar"": 23611.65, ""unknown"": 50.0, ""wind"": 4206.18}"
US-TEX-ERCO,2026-05-23T10:30:00-05:00,294.3342420697633,58594.96,"{""coal"": 4369.7, ""gas"": 22663.21, ""hydro"": 44.0, ""nuclear"": 3845.23, ""solar"": 23441.91, ""unknown"": 50.1, ""wind"": 4180.81}"
US-TEX-ERCO,2026-05-23T10:35:00-05:00,295.06247701336844,58572.04,"{""coal"": 4383.43, ""gas"": 22706.09, ""hydro"": 44.0, ""nuclear"": 3846.24, ""solar"": 23409.89, ""unknown"": 49.9, ""wind"": 4132.49}"
US-TEX-ERCO,2026-05-23T10:40:00-05:00,293.36282705900265,58593.37,"{""coal"": 4356.87, ""gas"": 22573.45, ""hydro"": 44.0, ""nuclear"": 3846.15, ""solar"": 23571.79, ""unknown"": 50.1, ""wind"": 4151.01}"
US-TEX-ERCO,2026-05-23T10:45:00-05:00,290.49829507560753,58929.05,"{""coal"": 4332.76, ""gas"": 22471.11, ""hydro"": 44.0, ""nuclear"": 3845.73, ""solar"": 23857.04, ""unknown"": 50.0, ""wind"": 4328.41}"
US-TEX-ERCO,2026-05-23T10:50:00-05:00,289.088393308776,58674.08,"{""coal"": 4315.96, ""gas"": 22204.72, ""hydro"": 44.0, ""nuclear"": 3843.67, ""solar"": 23746.25, ""unknown"": 49.8, ""wind"": 4469.68}"
US-TEX-ERCO,2026-05-23T10:55:00-05:00,287.1438291794463,58675.21,"{""coal"": 4267.45, ""gas"": 22086.54, ""hydro"": 44.0, ""nuclear"": 3845.72, ""solar"": 23695.96, ""unknown"": 50.0, ""wind"": 4685.54}"
US-TEX-ERCO,2026-05-23T11:00:00-05:00,283.5670260807941,58801.780000000006,"{""coal"": 4243.53, ""gas"": 21788.49, ""hydro"": 43.0, ""nuclear"": 3844.65, ""solar"": 23746.13, ""unknown"": 49.9, ""wind"": 5086.08}"
US-TEX-ERCO,2026-05-23T11:05:00-05:00,280.7992934272495,59166.31,"{""coal"": 4201.09, ""gas"": 21751.42, ""hydro"": 44.0, ""nuclear"": 3845.12, ""solar"": 23834.92, ""unknown"": 50.0, ""wind"": 5439.76}"
US-TEX-ERCO,2026-05-23T11:10:00-05:00,276.2931700507681,59415.719999999994,"{""coal"": 4135.51, ""gas"": 21486.7, ""hydro"": 43.0, ""nuclear"": 3846.92, ""solar"": 24210.16, ""unknown"": 49.6, ""wind"": 5643.83}"
US-TEX-ERCO,2026-05-23T11:15:00-05:00,273.39364185181216,59670.96,"{""coal"": 4075.99, ""gas"": 21400.92, ""hydro"": 44.0, ""nuclear"": 3846.26, ""solar"": 24456.5, ""unknown"": 50.0, ""wind"": 5797.29}"
US-TEX-ERCO,2026-05-23T11:20:00-05:00,270.7157235380007,59846.44,"{""coal"": 4058.28, ""gas"": 21201.7, ""hydro"": 43.0, ""nuclear"": 3845.73, ""solar"": 24823.82, ""unknown"": 50.0, ""wind"": 5823.91}"
US-TEX-ERCO,2026-05-23T11:25:00-05:00,269.60860755080006,59548.74,"{""coal"": 4015.29, ""gas"": 21015.23, ""hydro"": 45.0, ""nuclear"": 3845.98, ""solar"": 24687.93, ""unknown"": 50.0, ""wind"": 5889.31}"
US-TEX-ERCO,2026-05-23T11:30:00-05:00,268.08329129068005,59792.8,"{""coal"": 3978.01, ""gas"": 21038.67, ""hydro"": 44.0, ""nuclear"": 3845.39, ""solar"": 24808.99, ""unknown"": 49.8, ""wind"": 6027.94}"
US-TEX-ERCO,2026-05-23T11:35:00-05:00,266.5294815090744,59934.380000000005,"{""coal"": 3958.38, ""gas"": 20963.45, ""hydro"": 45.0, ""nuclear"": 3845.9, ""solar"": 24995.77, ""unknown"": 49.9, ""wind"": 6075.98}"
US-TEX-ERCO,2026-05-23T11:40:00-05:00,265.15585425415935,59823.62,"{""coal"": 3905.72, ""gas"": 20854.5, ""hydro"": 45.0, ""nuclear"": 3844.45, ""solar"": 25175.99, ""unknown"": 50.0, ""wind"": 5947.96}"
US-TEX-ERCO,2026-05-23T11:45:00-05:00,262.73196813266173,59879.23000000001,"{""coal"": 3856.88, ""gas"": 20692.08, ""hydro"": 44.0, ""nuclear"": 3844.95, ""solar"": 25510.13, ""unknown"": 49.8, ""wind"": 5881.39}"
US-TEX-ERCO,2026-05-23T11:50:00-05:00,263.3806940702073,59918.36,"{""coal"": 3828.44, ""gas"": 20848.83, ""hydro"": 46.0, ""nuclear"": 3844.65, ""solar"": 25614.86, ""unknown"": 50.1, ""wind"": 5685.48}"
US-TEX-ERCO,2026-05-23T11:55:00-05:00,262.29018173244907,59937.94999999999,"{""coal"": 3809.53, ""gas"": 20766.01, ""hydro"": 45.0, ""nuclear"": 3844.28, ""solar"": 25761.58, ""unknown"": 50.1, ""wind"": 5661.45}"
US-TEX-ERCO,2026-05-23T12:00:00-05:00,264.5477963178922,59955.44,"{""coal"": 3859.78, ""gas"": 20942.2, ""hydro"": 18.0, ""nuclear"": 3844.16, ""solar"": 25494.66, ""unknown"": 49.8, ""wind"": 5746.84}"
US-TEX-ERCO,2026-05-23T12:05:00-05:00,266.94734438025984,59894.38,"{""coal"": 3910.61, ""gas"": 21095.12, ""hydro"": 17.0, ""nuclear"": 3846.83, ""solar"": 25156.51, ""unknown"": 49.8, ""wind"": 5818.51}"
US-TEX-ERCO,2026-05-23T12:10:00-05:00,267.11557241287335,60443.01,"{""coal"": 3950.13, ""gas"": 21300.18, ""hydro"": 18.0, ""nuclear"": 3844.07, ""solar"": 25409.41, ""unknown"": 50.0, ""wind"": 5871.22}"
US-TEX-ERCO,2026-05-23T12:15:00-05:00,265.29962964348533,60452.770000000004,"{""coal"": 3944.11, ""gas"": 21094.73, ""hydro"": 18.0, ""nuclear"": 3845.23, ""solar"": 25579.37, ""unknown"": 49.9, ""wind"": 5921.43}"
